"crm_name","start","end","tumor_sample_barcode","mut_DEGs","mut_start","mut_end","ref_allele","mut_allele","variant_type","expression_status","chr","assembly","taxon","definition","alt_source","database","biological_samples","articles","methods","phenotype","target_genes","located_gene","common_genes"
"crm/CRMHS00011549196",109570949,109645770,"TCGA-EW-A1PH-01A-11D-A14K-09","SYBU",109642937,109642937,"A","G","SNP","Down regulated in TNBC","8","GRCh38","Homo sapiens","Cis-regulatory module located in Homo sapiens chr8 between 109570949 and 109645770","http://www.licpathway.net/sedb/search/search_se.php?se_id=SE_02_085100028","SEdb","CL_0002327; UBERON_0000310","PMID:30371817","MI_0402; OBI_0001954; ECO_0000226; EFO_0004176; NCIT_C106048",NA,"EBAG9; SYBU","RP11-422N16.3; SYBU","SYBU"
"crm/CRMHS00012166036",109636945,109646465,"TCGA-EW-A1PH-01A-11D-A14K-09","SYBU",109642937,109642937,"A","G","SNP","Down regulated in TNBC","8","GRCh38","Homo sapiens","Cis-regulatory module located in Homo sapiens chr8 between 109636945 and 109646465","http://www.licpathway.net/sedb/search/search_se.php?se_id=SE_02_074901029","SEdb","CL_0002327; UBERON_0000310; CLO_0003641","PMID:30371817","MI_0402; OBI_0001954; ECO_0000226; EFO_0004176; NCIT_C106048",NA,"SYBU","RP11-422N16.3; SYBU","SYBU"
"crm/CRMHS00011631134",33054614,33084058,"TCGA-A2-A04Q-01A-21W-A050-09","FMN1",33066716,33066716,"C","A","SNP","Down regulated in TNBC","15","GRCh38","Homo sapiens","Cis-regulatory module located in Homo sapiens chr15 between 33054614 and 33084058","http://www.licpathway.net/sedb/search/search_se.php?se_id=SE_02_053200220","SEdb","BTO_0001248; CLO_0009251; CL_0002327; UBERON_0000310","PMID:30371817","MI_0402; OBI_0001954; ECO_0000226; EFO_0004176; NCIT_C106048",NA,"FMN1","FMN1","FMN1"
"crm/CRMHS00011631243",33055780,33074960,"TCGA-A2-A04Q-01A-21W-A050-09","FMN1",33066716,33066716,"C","A","SNP","Down regulated in TNBC","15","GRCh38","Homo sapiens","Cis-regulatory module located in Homo sapiens chr15 between 33055780 and 33074960","http://www.licpathway.net/sedb/search/search_se.php?se_id=SE_02_080900388","SEdb","BTO_0001248; CLO_0009251; CL_0002327; UBERON_0000310","PMID:30371817","MI_0402; OBI_0001954; ECO_0000226; EFO_0004176; NCIT_C106048",NA,"FMN1","FMN1","FMN1"
"crm/CRMHS00011631233",33055832,33070783,"TCGA-A2-A04Q-01A-21W-A050-09","FMN1",33066716,33066716,"C","A","SNP","Down regulated in TNBC","15","GRCh38","Homo sapiens","Cis-regulatory module located in Homo sapiens chr15 between 33055832 and 33070783","http://www.licpathway.net/sedb/search/search_se.php?se_id=SE_02_108800393","SEdb","BTO_0001248; CLO_0009251; CL_0002327; UBERON_0000310","PMID:30371817","MI_0402; OBI_0001954; ECO_0000226; EFO_0004176; NCIT_C106048",NA,"FMN1","FMN1","FMN1"
"crm/CRMHS00011631257",33056168,33070742,"TCGA-A2-A04Q-01A-21W-A050-09","FMN1",33066716,33066716,"C","A","SNP","Down regulated in TNBC","15","GRCh38","Homo sapiens","Cis-regulatory module located in Homo sapiens chr15 between 33056168 and 33070742","http://www.licpathway.net/sedb/search/search_se.php?se_id=SE_02_109300597","SEdb","BTO_0001248; CLO_0009251; CL_0002327; UBERON_0000310","PMID:30371817","MI_0402; OBI_0001954; ECO_0000226; EFO_0004176; NCIT_C106048",NA,"FMN1","FMN1","FMN1"
"crm/CRMHS00011631349",33056249,33075015,"TCGA-A2-A04Q-01A-21W-A050-09","FMN1",33066716,33066716,"C","A","SNP","Down regulated in TNBC","15","GRCh38","Homo sapiens","Cis-regulatory module located in Homo sapiens chr15 between 33056249 and 33075015","http://www.licpathway.net/sedb/search/search_se.php?se_id=SE_02_109200436","SEdb","BTO_0001248; CLO_0009251; CL_0002327; UBERON_0000310","PMID:30371817","MI_0402; OBI_0001954; ECO_0000226; EFO_0004176; NCIT_C106048",NA,"FMN1","FMN1","FMN1"
"crm/CRMHS00011631161",33056339,33074893,"TCGA-A2-A04Q-01A-21W-A050-09","FMN1",33066716,33066716,"C","A","SNP","Down regulated in TNBC","15","GRCh38","Homo sapiens","Cis-regulatory module located in Homo sapiens chr15 between 33056339 and 33074893","http://www.licpathway.net/sedb/search/search_se.php?se_id=SE_02_123400467","SEdb","BTO_0001248; CLO_0009251; CL_0002327; UBERON_0000310","PMID:30371817","MI_0402; OBI_0001954; ECO_0000226; EFO_0004176; NCIT_C106048",NA,"FMN1","FMN1","FMN1"
"crm/CRMHS00011631262",33064149,33132625,"TCGA-A2-A04Q-01A-21W-A050-09","FMN1",33066716,33066716,"C","A","SNP","Down regulated in TNBC","15","GRCh38","Homo sapiens","Cis-regulatory module located in Homo sapiens chr15 between 33064149 and 33132625","http://www.licpathway.net/sedb/search/search_se.php?se_id=SE_02_048100443","SEdb","BTO_0000815; CLO_0007634; CL_0002327; UBERON_0000310","PMID:30371817","MI_0402; OBI_0001954; ECO_0000226; EFO_0004176; NCIT_C106048",NA,"FMN1","FMN1; RP11-12O16.1","FMN1"
"crm/CRMHS00011631376",33064303,33070618,"TCGA-A2-A04Q-01A-21W-A050-09","FMN1",33066716,33066716,"C","A","SNP","Down regulated in TNBC","15","GRCh38","Homo sapiens","Cis-regulatory module located in Homo sapiens chr15 between 33064303 and 33070618","http://www.licpathway.net/sedb/search/search_se.php?se_id=SE_02_108900304","SEdb","BTO_0001248; CLO_0009251; CL_0002327; UBERON_0000310","PMID:30371817","MI_0402; OBI_0001954; ECO_0000226; EFO_0004176; NCIT_C106048",NA,"FMN1","FMN1","FMN1"
"crm/CRMHS00011631218",33064353,33070635,"TCGA-A2-A04Q-01A-21W-A050-09","FMN1",33066716,33066716,"C","A","SNP","Down regulated in TNBC","15","GRCh38","Homo sapiens","Cis-regulatory module located in Homo sapiens chr15 between 33064353 and 33070635","http://www.licpathway.net/sedb/search/search_se.php?se_id=SE_02_109000427","SEdb","BTO_0001248; CLO_0009251; CL_0002327; UBERON_0000310","PMID:30371817","MI_0402; OBI_0001954; ECO_0000226; EFO_0004176; NCIT_C106048",NA,"FMN1","FMN1","FMN1"
"crm/CRMHS00011770190",36857867,36899359,"TCGA-BH-A18G-01A-11D-A12B-09","KCNU1",36888755,36888755,"A","G","SNP","Down regulated in TNBC","8","GRCh38","Homo sapiens","Cis-regulatory module located in Homo sapiens chr8 between 36857867 and 36899359","http://www.licpathway.net/sedb/search/search_se.php?se_id=SE_02_080900548","SEdb","BTO_0001248; CLO_0009251; CL_0002327; UBERON_0000310","PMID:30371817","MI_0402; OBI_0001954; ECO_0000226; EFO_0004176; NCIT_C106048",NA,"KCNU1","KCNU1; TPT1P8","KCNU1"
"crm/CRMHS00007718227",36886882,36889082,"TCGA-BH-A18G-01A-11D-A12B-09","KCNU1",36888755,36888755,"A","G","SNP","Down regulated in TNBC","8","GRCh38","Homo sapiens","Cis-regulatory module located in Homo sapiens chr8 between 36886882 and 36889082","NA","JEME","CL_0002327; UBERON_0000310; BTO_0004300","PMID:28869592","NCIT_C75940; MI_0402; EFO_0004176; ECO_0000226; OBI_0001954; NCIT_C106048",NA,"KCNU1","KCNU1; TPT1P8","KCNU1"
"crm/CRMHS00011511944",100010411,100160266,"TCGA-D8-A142-01A-11D-A10Y-09","EVL",100109710,100109710,"A","G","SNP","Down regulated in TNBC","14","GRCh38","Homo sapiens","Cis-regulatory module located in Homo sapiens chr14 between 100010411 and 100160266","http://www.licpathway.net/sedb/search/search_se.php?se_id=SE_02_024600024","SEdb","BTO_0000093; CLO_0007606; CL_0002327; UBERON_0000310","PMID:30371817","MI_0402; OBI_0001954; ECO_0000226; EFO_0004176; NCIT_C106048",NA,"DEGS2; EVL","CTD-2376I20.1; DEGS2; EVL; MIR151B; MIR342","EVL"
"crm/CRMHS00011559305",42009312,42085095,"TCGA-AQ-A04J-01A-02W-A050-09","PLA2G4E",42010115,42010115,"G","T","SNP","Up regulated in TNBC","15","GRCh38","Homo sapiens","Cis-regulatory module located in Homo sapiens chr15 between 42009312 and 42085095","http://www.licpathway.net/sedb/search/search_se.php?se_id=SE_02_103501267","SEdb","CL_0002327; UBERON_0000310; BTO_0005963; CLO_0003658","PMID:30371817","MI_0402; OBI_0001954; ECO_0000226; EFO_0004176; NCIT_C106048",NA,"EHD4; PLA2G4D; PLA2G4E","CTD-2382E5.2; PLA2G4D; PLA2G4E","PLA2G4E"
"crm/CRMHS00011352145",66773964,66859317,"TCGA-AN-A04D-01A-21W-A050-09","PRKCA",66787104,66787104,"G","C","SNP","Up regulated in TNBC","17","GRCh38","Homo sapiens","Cis-regulatory module located in Homo sapiens chr17 between 66773964 and 66859317","http://www.licpathway.net/sedb/search/search_se.php?se_id=SE_02_000400076","SEdb","BTO_0000093; CLO_0007606; CL_0002327; UBERON_0000310","PMID:30371817","MI_0402; OBI_0001954; ECO_0000226; EFO_0004176; NCIT_C106048",NA,"CACNG5; PRKCA","CACNG5; MIR634; PRKCA","PRKCA"
"crm/CRMHS00011780307",88469113,88581831,"TCGA-B6-A409-01A-11D-A243-09","KITLG",88534709,88534709,"C","T","SNP","Down regulated in TNBC","12","GRCh38","Homo sapiens","Cis-regulatory module located in Homo sapiens chr12 between 88469113 and 88581831","http://www.licpathway.net/sedb/search/search_se.php?se_id=SE_02_125300056","SEdb","CL_0002327; UBERON_0000310; BTO_0005022; CLO_0002194","PMID:30371817","MI_0402; OBI_0001954; ECO_0000226; EFO_0004176; NCIT_C106048",NA,"KITLG","KITLG; RNU1-117P; RP11-900F13.3","KITLG"
"crm/CRMHS00011988267",57243418,57265764,"TCGA-BH-A1FC-01A-11D-A13L-09","MSI2",57257094,57257094,"C","T","SNP","Down regulated in TNBC","17","GRCh38","Homo sapiens","Cis-regulatory module located in Homo sapiens chr17 between 57243418 and 57265764","http://www.licpathway.net/sedb/search/search_se.php?se_id=SE_02_157800359","SEdb","BTO_0000093; CLO_0007606; CL_0002327; UBERON_0000310","PMID:30371817","MI_0402; OBI_0001954; ECO_0000226; EFO_0004176; NCIT_C106048",NA,"MSI2","MSI2","MSI2"
"crm/CRMHS00005146695",57256656,57260174,"TCGA-BH-A1FC-01A-11D-A13L-09","MSI2",57257094,57257094,"C","T","SNP","Down regulated in TNBC","17","GRCh38","Homo sapiens","Cis-regulatory module located in Homo sapiens chr17 between 57256656 and 57260174","http://lcbb.swjtu.edu.cn/EnhFFL/details/?term=enH567047&subtype=enhancer&species=human","EnhFFL","CL_0002327; UBERON_0000310; BTO_0004300","PMID:35694152","MI_0402; OBI_0001954; ECO_0000226; EFO_0004176; NCIT_C106048",NA,"MSI2","MSI2","MSI2"
"crm/CRMHS00011660362",10515965,10590844,"TCGA-D8-A1JL-01A-11D-A13L-09","GCNT2",10557341,10557341,"A","T","SNP","Up regulated in TNBC","6","GRCh38","Homo sapiens","Cis-regulatory module located in Homo sapiens chr6 between 10515965 and 10590844","http://www.licpathway.net/sedb/search/search_se.php?se_id=SE_02_103501021","SEdb","CL_0002327; UBERON_0000310; BTO_0005963; CLO_0003658","PMID:30371817","MI_0402; OBI_0001954; ECO_0000226; EFO_0004176; NCIT_C106048",NA,"GCNT2","GCNT2; RP11-360O19.5","GCNT2"
"crm/CRMHS00011528761",157551524,157577007,"TCGA-E2-A14N-01A-31D-A135-09","PTPRN2",157574355,157574355,"T","G","SNP","Down regulated in TNBC","7","GRCh38","Homo sapiens","Cis-regulatory module located in Homo sapiens chr7 between 157551524 and 157577007","http://www.licpathway.net/sedb/search/search_se.php?se_id=SE_02_099100264","SEdb","BTO_0000815; CLO_0007634; CL_0002327; UBERON_0000310","PMID:30371817","MI_0402; OBI_0001954; ECO_0000226; EFO_0004176; NCIT_C106048",NA,"DNAJB6; PTPRN2","MIR153-2; PTPRN2","PTPRN2"
