"tfbs_chr","tfbs_start","tfbs_end","tfbs_width","tfbs_strand","SNP_id","REF","ALT","varType","motifPos","geneSymbol","dataSource","providerName","providerId","seqMatch","pctRef","pctAlt","scoreRef","scoreAlt","altPos","alleleDiff","alleleEffectSize","effect","TFBS_effect","crm_chr","crm_start","crm_end","crm_width","crm_strand","crm_name","tumor_sample_barcode","mut_DEGs","mut_start","mut_end","ref_allele","mut_allele","variant_type","expression_status","assembly","taxon","definition","alt_source","database","biological_samples","articles","methods","phenotype","target_genes","located_gene","common_genes"
"7",157574355,157574355,1,"+","chr7:157574355:T:G","T","G","SNV","-1, 5","CXXC1","HOCOMOCO","CXXC1_si","CXXC1_HUMAN","            gatcacGtttgtg              ",0.588986521401173,0.922202838779954,2.61013408818733,4.03544724981376,1,1.42531316162644,0.326291522473435,"strong","gain_or_strengthening","7",157551524,157577007,25484,"*","crm/CRMHS00011528761","TCGA-E2-A14N-01A-31D-A135-09","PTPRN2",157574355,157574355,"T","G","SNP","Down regulated in TNBC","GRCh38","Homo sapiens","Cis-regulatory module located in Homo sapiens chr7 between 157551524 and 157577007","http://www.licpathway.net/sedb/search/search_se.php?se_id=SE_02_099100264","SEdb","BTO_0000815; CLO_0007634; CL_0002327; UBERON_0000310","PMID:30371817","MI_0402; OBI_0001954; ECO_0000226; EFO_0004176; NCIT_C106048",NA,"DNAJB6; PTPRN2","MIR153-2; PTPRN2","PTPRN2"
"8",36888755,36888755,1,"+","chr8:36888755:A:G","A","G","SNV","-6, 5","TCF7L2","HOCOMOCO","TF7L2_f1","TF7L2_HUMAN","       agaagtatatcAaagattacatg         ",0.976355249400769,0.765105217873824,8.93371298877787,7.03107134614369,1,-1.90264164263417,-0.208014647475426,"strong","loss_or_weakening","8",36857867,36899359,41493,"*","crm/CRMHS00011770190","TCGA-BH-A18G-01A-11D-A12B-09","KCNU1",36888755,36888755,"A","G","SNP","Down regulated in TNBC","GRCh38","Homo sapiens","Cis-regulatory module located in Homo sapiens chr8 between 36857867 and 36899359","http://www.licpathway.net/sedb/search/search_se.php?se_id=SE_02_080900548","SEdb","BTO_0001248; CLO_0009251; CL_0002327; UBERON_0000310","PMID:30371817","MI_0402; OBI_0001954; ECO_0000226; EFO_0004176; NCIT_C106048",NA,"KCNU1","KCNU1; TPT1P8","KCNU1"
"8",36888755,36888755,1,"+","chr8:36888755:A:G","A","G","SNV","-6, 5","TCF7L2","HOCOMOCO","TF7L2_f1","TF7L2_HUMAN","       agaagtatatcAaagattacatg         ",0.976355249400769,0.765105217873824,8.93371298877787,7.03107134614369,1,-1.90264164263417,-0.208014647475426,"strong","loss_or_weakening","8",36886882,36889082,2201,"*","crm/CRMHS00007718227","TCGA-BH-A18G-01A-11D-A12B-09","KCNU1",36888755,36888755,"A","G","SNP","Down regulated in TNBC","GRCh38","Homo sapiens","Cis-regulatory module located in Homo sapiens chr8 between 36886882 and 36889082","NA","JEME","CL_0002327; UBERON_0000310; BTO_0004300","PMID:28869592","NCIT_C75940; MI_0402; EFO_0004176; ECO_0000226; OBI_0001954; NCIT_C106048",NA,"KCNU1","KCNU1; TPT1P8","KCNU1"
"7",157574355,157574355,1,"-","chr7:157574355:T:G","T","G","SNV","-5, 5","NKX3-2","HOCOMOCO","NKX32_f1","NKX32_HUMAN","        caatgatcacTtttgtgacta          ",0.871623611331811,0.669344380586319,7.1940097567291,5.56964850372419,1,-1.62436125300491,-0.197492899961524,"strong","loss_or_weakening","7",157551524,157577007,25484,"*","crm/CRMHS00011528761","TCGA-E2-A14N-01A-31D-A135-09","PTPRN2",157574355,157574355,"T","G","SNP","Down regulated in TNBC","GRCh38","Homo sapiens","Cis-regulatory module located in Homo sapiens chr7 between 157551524 and 157577007","http://www.licpathway.net/sedb/search/search_se.php?se_id=SE_02_099100264","SEdb","BTO_0000815; CLO_0007634; CL_0002327; UBERON_0000310","PMID:30371817","MI_0402; OBI_0001954; ECO_0000226; EFO_0004176; NCIT_C106048",NA,"DNAJB6; PTPRN2","MIR153-2; PTPRN2","PTPRN2"
"8",109642937,109642937,1,"-","chr8:109642937:A:G","A","G","SNV","-9, 5","STAT1","HOCOMOCO","STAT1_f2","STAT1_HUMAN","    tgtgctccttctcaGaattggacatcaaa      ",0.79721466357564,0.878712210615189,8.9728618366266,9.86744846198438,1,0.89458662535778,0.0798823165556482,"strong","gain_or_strengthening","8",109570949,109645770,74822,"*","crm/CRMHS00011549196","TCGA-EW-A1PH-01A-11D-A14K-09","SYBU",109642937,109642937,"A","G","SNP","Down regulated in TNBC","GRCh38","Homo sapiens","Cis-regulatory module located in Homo sapiens chr8 between 109570949 and 109645770","http://www.licpathway.net/sedb/search/search_se.php?se_id=SE_02_085100028","SEdb","CL_0002327; UBERON_0000310","PMID:30371817","MI_0402; OBI_0001954; ECO_0000226; EFO_0004176; NCIT_C106048",NA,"EBAG9; SYBU","RP11-422N16.3; SYBU","SYBU"
"8",109642937,109642937,1,"-","chr8:109642937:A:G","A","G","SNV","-9, 5","STAT1","HOCOMOCO","STAT1_f2","STAT1_HUMAN","    tgtgctccttctcaGaattggacatcaaa      ",0.79721466357564,0.878712210615189,8.9728618366266,9.86744846198438,1,0.89458662535778,0.0798823165556482,"strong","gain_or_strengthening","8",109636945,109646465,9521,"*","crm/CRMHS00012166036","TCGA-EW-A1PH-01A-11D-A14K-09","SYBU",109642937,109642937,"A","G","SNP","Down regulated in TNBC","GRCh38","Homo sapiens","Cis-regulatory module located in Homo sapiens chr8 between 109636945 and 109646465","http://www.licpathway.net/sedb/search/search_se.php?se_id=SE_02_074901029","SEdb","CL_0002327; UBERON_0000310; CLO_0003641","PMID:30371817","MI_0402; OBI_0001954; ECO_0000226; EFO_0004176; NCIT_C106048",NA,"SYBU","RP11-422N16.3; SYBU","SYBU"
"8",36888755,36888755,1,"+","chr8:36888755:A:G","A","G","SNV","-3, 3","SOX15","HOCOMOCO","SOX15_f1","SOX15_HUMAN","            tatatcAaagatt              ",0.869053108858712,0.676327237406714,6.07496537324453,4.7824294254197,1,-1.29253594782483,-0.18589149475277,"strong","loss_or_weakening","8",36857867,36899359,41493,"*","crm/CRMHS00011770190","TCGA-BH-A18G-01A-11D-A12B-09","KCNU1",36888755,36888755,"A","G","SNP","Down regulated in TNBC","GRCh38","Homo sapiens","Cis-regulatory module located in Homo sapiens chr8 between 36857867 and 36899359","http://www.licpathway.net/sedb/search/search_se.php?se_id=SE_02_080900548","SEdb","BTO_0001248; CLO_0009251; CL_0002327; UBERON_0000310","PMID:30371817","MI_0402; OBI_0001954; ECO_0000226; EFO_0004176; NCIT_C106048",NA,"KCNU1","KCNU1; TPT1P8","KCNU1"
"8",36888755,36888755,1,"+","chr8:36888755:A:G","A","G","SNV","-3, 3","SOX15","HOCOMOCO","SOX15_f1","SOX15_HUMAN","            tatatcAaagatt              ",0.869053108858712,0.676327237406714,6.07496537324453,4.7824294254197,1,-1.29253594782483,-0.18589149475277,"strong","loss_or_weakening","8",36886882,36889082,2201,"*","crm/CRMHS00007718227","TCGA-BH-A18G-01A-11D-A12B-09","KCNU1",36888755,36888755,"A","G","SNP","Down regulated in TNBC","GRCh38","Homo sapiens","Cis-regulatory module located in Homo sapiens chr8 between 36886882 and 36889082","NA","JEME","CL_0002327; UBERON_0000310; BTO_0004300","PMID:28869592","NCIT_C75940; MI_0402; EFO_0004176; ECO_0000226; OBI_0001954; NCIT_C106048",NA,"KCNU1","KCNU1; TPT1P8","KCNU1"
"7",157574355,157574355,1,"-","chr7:157574355:T:G","T","G","SNV","-5, 4","NKX2-1","HOCOMOCO","NKX21_f1","NKX21_HUMAN","         aatgatcacTtttgtgact           ",0.862618539216036,0.603555476011575,5.11461820939359,3.61744401819804,1,-1.49717419119555,-0.253390212066764,"strong","loss_or_weakening","7",157551524,157577007,25484,"*","crm/CRMHS00011528761","TCGA-E2-A14N-01A-31D-A135-09","PTPRN2",157574355,157574355,"T","G","SNP","Down regulated in TNBC","GRCh38","Homo sapiens","Cis-regulatory module located in Homo sapiens chr7 between 157551524 and 157577007","http://www.licpathway.net/sedb/search/search_se.php?se_id=SE_02_099100264","SEdb","BTO_0000815; CLO_0007634; CL_0002327; UBERON_0000310","PMID:30371817","MI_0402; OBI_0001954; ECO_0000226; EFO_0004176; NCIT_C106048",NA,"DNAJB6; PTPRN2","MIR153-2; PTPRN2","PTPRN2"
"6",10557341,10557341,1,"-","chr6:10557341:A:T","A","T","SNV","-6, 7","ELF3","HOCOMOCO","ELF3_f1","ELF3_HUMAN","     tcaataggattccTggtacgtacaatt       ",0.770956728848791,0.898154707378618,7.58339597546984,8.78265220463235,1,1.19925622916251,0.123090569533341,"strong","gain_or_strengthening","6",10515965,10590844,74880,"*","crm/CRMHS00011660362","TCGA-D8-A1JL-01A-11D-A13L-09","GCNT2",10557341,10557341,"A","T","SNP","Up regulated in TNBC","GRCh38","Homo sapiens","Cis-regulatory module located in Homo sapiens chr6 between 10515965 and 10590844","http://www.licpathway.net/sedb/search/search_se.php?se_id=SE_02_103501021","SEdb","CL_0002327; UBERON_0000310; BTO_0005963; CLO_0003658","PMID:30371817","MI_0402; OBI_0001954; ECO_0000226; EFO_0004176; NCIT_C106048",NA,"GCNT2","GCNT2; RP11-360O19.5","GCNT2"
"8",36888755,36888755,1,"+","chr8:36888755:A:G","A","G","SNV","-2, 4","SOX10","HOCOMOCO","SOX10_si","SOX10_HUMAN","            tatatcAaagatt              ",0.92357985792951,0.671232069800654,6.51751056103097,4.76479583416754,1,-1.75271472686343,-0.248672097837498,"strong","loss_or_weakening","8",36857867,36899359,41493,"*","crm/CRMHS00011770190","TCGA-BH-A18G-01A-11D-A12B-09","KCNU1",36888755,36888755,"A","G","SNP","Down regulated in TNBC","GRCh38","Homo sapiens","Cis-regulatory module located in Homo sapiens chr8 between 36857867 and 36899359","http://www.licpathway.net/sedb/search/search_se.php?se_id=SE_02_080900548","SEdb","BTO_0001248; CLO_0009251; CL_0002327; UBERON_0000310","PMID:30371817","MI_0402; OBI_0001954; ECO_0000226; EFO_0004176; NCIT_C106048",NA,"KCNU1","KCNU1; TPT1P8","KCNU1"
"8",36888755,36888755,1,"+","chr8:36888755:A:G","A","G","SNV","-2, 4","SOX10","HOCOMOCO","SOX10_si","SOX10_HUMAN","            tatatcAaagatt              ",0.92357985792951,0.671232069800654,6.51751056103097,4.76479583416754,1,-1.75271472686343,-0.248672097837498,"strong","loss_or_weakening","8",36886882,36889082,2201,"*","crm/CRMHS00007718227","TCGA-BH-A18G-01A-11D-A12B-09","KCNU1",36888755,36888755,"A","G","SNP","Down regulated in TNBC","GRCh38","Homo sapiens","Cis-regulatory module located in Homo sapiens chr8 between 36886882 and 36889082","NA","JEME","CL_0002327; UBERON_0000310; BTO_0004300","PMID:28869592","NCIT_C75940; MI_0402; EFO_0004176; ECO_0000226; OBI_0001954; NCIT_C106048",NA,"KCNU1","KCNU1; TPT1P8","KCNU1"
"8",109642937,109642937,1,"+","chr8:109642937:A:G","A","G","SNV","-8, 4","STAT5B","HOCOMOCO","STA5B_f1","STA5B_HUMAN","      tgctccttctcaGaattggacatca        ",0.805212011453089,0.942428260647373,11.2532753363612,13.1450081681377,1,1.89173283177651,0.135717816616872,"strong","gain_or_strengthening","8",109570949,109645770,74822,"*","crm/CRMHS00011549196","TCGA-EW-A1PH-01A-11D-A14K-09","SYBU",109642937,109642937,"A","G","SNP","Down regulated in TNBC","GRCh38","Homo sapiens","Cis-regulatory module located in Homo sapiens chr8 between 109570949 and 109645770","http://www.licpathway.net/sedb/search/search_se.php?se_id=SE_02_085100028","SEdb","CL_0002327; UBERON_0000310","PMID:30371817","MI_0402; OBI_0001954; ECO_0000226; EFO_0004176; NCIT_C106048",NA,"EBAG9; SYBU","RP11-422N16.3; SYBU","SYBU"
"8",109642937,109642937,1,"+","chr8:109642937:A:G","A","G","SNV","-8, 4","STAT5B","HOCOMOCO","STA5B_f1","STA5B_HUMAN","      tgctccttctcaGaattggacatca        ",0.805212011453089,0.942428260647373,11.2532753363612,13.1450081681377,1,1.89173283177651,0.135717816616872,"strong","gain_or_strengthening","8",109636945,109646465,9521,"*","crm/CRMHS00012166036","TCGA-EW-A1PH-01A-11D-A14K-09","SYBU",109642937,109642937,"A","G","SNP","Down regulated in TNBC","GRCh38","Homo sapiens","Cis-regulatory module located in Homo sapiens chr8 between 109636945 and 109646465","http://www.licpathway.net/sedb/search/search_se.php?se_id=SE_02_074901029","SEdb","CL_0002327; UBERON_0000310; CLO_0003641","PMID:30371817","MI_0402; OBI_0001954; ECO_0000226; EFO_0004176; NCIT_C106048",NA,"SYBU","RP11-422N16.3; SYBU","SYBU"
"7",157574355,157574355,1,"-","chr7:157574355:T:G","T","G","SNV","-6, 5","HIF1A","HOCOMOCO","HIF1A_si","HIF1A_HUMAN","       ccaatgatcacGtttgtgactat         ",0.735247637390506,0.935604326411866,7.37806590565913,9.343256387528,1,1.96519048186887,0.197013971955218,"strong","gain_or_strengthening","7",157551524,157577007,25484,"*","crm/CRMHS00011528761","TCGA-E2-A14N-01A-31D-A135-09","PTPRN2",157574355,157574355,"T","G","SNP","Down regulated in TNBC","GRCh38","Homo sapiens","Cis-regulatory module located in Homo sapiens chr7 between 157551524 and 157577007","http://www.licpathway.net/sedb/search/search_se.php?se_id=SE_02_099100264","SEdb","BTO_0000815; CLO_0007634; CL_0002327; UBERON_0000310","PMID:30371817","MI_0402; OBI_0001954; ECO_0000226; EFO_0004176; NCIT_C106048",NA,"DNAJB6; PTPRN2","MIR153-2; PTPRN2","PTPRN2"
"7",157574355,157574355,1,"+","chr7:157574355:T:G","T","G","SNV","-5, 4","MYBL2","HOCOMOCO","MYBB_f1","MYBB_HUMAN","         aatgatcacGtttgtgact           ",0.680975947571146,0.865519540793956,3.01760088575552,3.77982181194038,1,0.762220926184862,0.175818687847308,"strong","gain_or_strengthening","7",157551524,157577007,25484,"*","crm/CRMHS00011528761","TCGA-E2-A14N-01A-31D-A135-09","PTPRN2",157574355,157574355,"T","G","SNP","Down regulated in TNBC","GRCh38","Homo sapiens","Cis-regulatory module located in Homo sapiens chr7 between 157551524 and 157577007","http://www.licpathway.net/sedb/search/search_se.php?se_id=SE_02_099100264","SEdb","BTO_0000815; CLO_0007634; CL_0002327; UBERON_0000310","PMID:30371817","MI_0402; OBI_0001954; ECO_0000226; EFO_0004176; NCIT_C106048",NA,"DNAJB6; PTPRN2","MIR153-2; PTPRN2","PTPRN2"
"6",10557341,10557341,1,"+","chr6:10557341:A:T","A","T","SNV","-2, 4","ZEB1","HOCOMOCO","ZEB1_do","ZEB1_HUMAN","            gattccAggtacg              ",0.896535917588895,0.682995078436739,7.59090798935933,5.79749619998169,1,-1.79341178937764,-0.211991073576074,"strong","loss_or_weakening","6",10515965,10590844,74880,"*","crm/CRMHS00011660362","TCGA-D8-A1JL-01A-11D-A13L-09","GCNT2",10557341,10557341,"A","T","SNP","Up regulated in TNBC","GRCh38","Homo sapiens","Cis-regulatory module located in Homo sapiens chr6 between 10515965 and 10590844","http://www.licpathway.net/sedb/search/search_se.php?se_id=SE_02_103501021","SEdb","CL_0002327; UBERON_0000310; BTO_0005963; CLO_0003658","PMID:30371817","MI_0402; OBI_0001954; ECO_0000226; EFO_0004176; NCIT_C106048",NA,"GCNT2","GCNT2; RP11-360O19.5","GCNT2"
"14",100109710,100109710,1,"+","chr14:100109710:A:G","A","G","SNV","-7, 2","CEBPA","HOCOMOCO","CEBPA_do","CEBPA_HUMAN","         ggttaatggAattgtctca           ",0.890328239411167,0.741022376484384,5.86867372553539,4.9128703978765,1,-0.955803327658893,-0.145463274598842,"strong","loss_or_weakening","14",100010411,100160266,149856,"*","crm/CRMHS00011511944","TCGA-D8-A142-01A-11D-A10Y-09","EVL",100109710,100109710,"A","G","SNP","Down regulated in TNBC","GRCh38","Homo sapiens","Cis-regulatory module located in Homo sapiens chr14 between 100010411 and 100160266","http://www.licpathway.net/sedb/search/search_se.php?se_id=SE_02_024600024","SEdb","BTO_0000093; CLO_0007606; CL_0002327; UBERON_0000310","PMID:30371817","MI_0402; OBI_0001954; ECO_0000226; EFO_0004176; NCIT_C106048",NA,"DEGS2; EVL","CTD-2376I20.1; DEGS2; EVL; MIR151B; MIR342","EVL"
"8",109642937,109642937,1,"-","chr8:109642937:A:G","A","G","SNV","-5, 2","PAX5","HOCOMOCO","PAX5_si","PAX5_HUMAN","           cttctcaGaattgga             ",0.739766893726424,0.8976238599088,6.69903938223025,8.12087393271573,1,1.42183455048548,0.157230635019791,"strong","gain_or_strengthening","8",109570949,109645770,74822,"*","crm/CRMHS00011549196","TCGA-EW-A1PH-01A-11D-A14K-09","SYBU",109642937,109642937,"A","G","SNP","Down regulated in TNBC","GRCh38","Homo sapiens","Cis-regulatory module located in Homo sapiens chr8 between 109570949 and 109645770","http://www.licpathway.net/sedb/search/search_se.php?se_id=SE_02_085100028","SEdb","CL_0002327; UBERON_0000310","PMID:30371817","MI_0402; OBI_0001954; ECO_0000226; EFO_0004176; NCIT_C106048",NA,"EBAG9; SYBU","RP11-422N16.3; SYBU","SYBU"
"8",109642937,109642937,1,"-","chr8:109642937:A:G","A","G","SNV","-5, 2","PAX5","HOCOMOCO","PAX5_si","PAX5_HUMAN","           cttctcaGaattgga             ",0.739766893726424,0.8976238599088,6.69903938223025,8.12087393271573,1,1.42183455048548,0.157230635019791,"strong","gain_or_strengthening","8",109636945,109646465,9521,"*","crm/CRMHS00012166036","TCGA-EW-A1PH-01A-11D-A14K-09","SYBU",109642937,109642937,"A","G","SNP","Down regulated in TNBC","GRCh38","Homo sapiens","Cis-regulatory module located in Homo sapiens chr8 between 109636945 and 109646465","http://www.licpathway.net/sedb/search/search_se.php?se_id=SE_02_074901029","SEdb","CL_0002327; UBERON_0000310; CLO_0003641","PMID:30371817","MI_0402; OBI_0001954; ECO_0000226; EFO_0004176; NCIT_C106048",NA,"SYBU","RP11-422N16.3; SYBU","SYBU"
"14",100109710,100109710,1,"+","chr14:100109710:A:G","A","G","SNV","-2, 4","GATA6","HOCOMOCO","GATA6_f2","GATA6_HUMAN","            taatggGattgtc              ",0.631486345342351,0.870153160103862,4.21267569944087,5.77165303430686,1,1.55897733486599,0.235501622237872,"strong","gain_or_strengthening","14",100010411,100160266,149856,"*","crm/CRMHS00011511944","TCGA-D8-A142-01A-11D-A10Y-09","EVL",100109710,100109710,"A","G","SNP","Down regulated in TNBC","GRCh38","Homo sapiens","Cis-regulatory module located in Homo sapiens chr14 between 100010411 and 100160266","http://www.licpathway.net/sedb/search/search_se.php?se_id=SE_02_024600024","SEdb","BTO_0000093; CLO_0007606; CL_0002327; UBERON_0000310","PMID:30371817","MI_0402; OBI_0001954; ECO_0000226; EFO_0004176; NCIT_C106048",NA,"DEGS2; EVL","CTD-2376I20.1; DEGS2; EVL; MIR151B; MIR342","EVL"
"14",100109710,100109710,1,"+","chr14:100109710:A:G","A","G","SNV","-5, 5","ETS2","HOCOMOCO","ETS2_f1","ETS2_HUMAN","        tggttaatggAattgtctcac          ",0.890690205626657,0.774611994633877,5.80124016407773,5.07328407540173,1,-0.727956088676001,-0.112222008378788,"strong","loss_or_weakening","14",100010411,100160266,149856,"*","crm/CRMHS00011511944","TCGA-D8-A142-01A-11D-A10Y-09","EVL",100109710,100109710,"A","G","SNP","Down regulated in TNBC","GRCh38","Homo sapiens","Cis-regulatory module located in Homo sapiens chr14 between 100010411 and 100160266","http://www.licpathway.net/sedb/search/search_se.php?se_id=SE_02_024600024","SEdb","BTO_0000093; CLO_0007606; CL_0002327; UBERON_0000310","PMID:30371817","MI_0402; OBI_0001954; ECO_0000226; EFO_0004176; NCIT_C106048",NA,"DEGS2; EVL","CTD-2376I20.1; DEGS2; EVL; MIR151B; MIR342","EVL"
"8",109642937,109642937,1,"-","chr8:109642937:A:G","A","G","SNV","-7, 4","STAT5A","HOCOMOCO","STA5A_do","STA5A_HUMAN","       gctccttctcaGaattggacatc         ",0.81873921637787,0.974173213170625,8.10486968800395,9.60537661099856,1,1.50050692299461,0.152263080582184,"strong","gain_or_strengthening","8",109570949,109645770,74822,"*","crm/CRMHS00011549196","TCGA-EW-A1PH-01A-11D-A14K-09","SYBU",109642937,109642937,"A","G","SNP","Down regulated in TNBC","GRCh38","Homo sapiens","Cis-regulatory module located in Homo sapiens chr8 between 109570949 and 109645770","http://www.licpathway.net/sedb/search/search_se.php?se_id=SE_02_085100028","SEdb","CL_0002327; UBERON_0000310","PMID:30371817","MI_0402; OBI_0001954; ECO_0000226; EFO_0004176; NCIT_C106048",NA,"EBAG9; SYBU","RP11-422N16.3; SYBU","SYBU"
"8",109642937,109642937,1,"-","chr8:109642937:A:G","A","G","SNV","-7, 4","STAT5A","HOCOMOCO","STA5A_do","STA5A_HUMAN","       gctccttctcaGaattggacatc         ",0.81873921637787,0.974173213170625,8.10486968800395,9.60537661099856,1,1.50050692299461,0.152263080582184,"strong","gain_or_strengthening","8",109636945,109646465,9521,"*","crm/CRMHS00012166036","TCGA-EW-A1PH-01A-11D-A14K-09","SYBU",109642937,109642937,"A","G","SNP","Down regulated in TNBC","GRCh38","Homo sapiens","Cis-regulatory module located in Homo sapiens chr8 between 109636945 and 109646465","http://www.licpathway.net/sedb/search/search_se.php?se_id=SE_02_074901029","SEdb","CL_0002327; UBERON_0000310; CLO_0003641","PMID:30371817","MI_0402; OBI_0001954; ECO_0000226; EFO_0004176; NCIT_C106048",NA,"SYBU","RP11-422N16.3; SYBU","SYBU"
"8",36888755,36888755,1,"-","chr8:36888755:A:G","A","G","SNV","-7, 1","ATF3","HOCOMOCO","ATF3_f1","ATF3_HUMAN","          agtatatcAaagattac            ",0.873889414700173,0.625714147731018,6.02634428033563,4.3520421462292,1,-1.67430213410643,-0.243458964256936,"strong","loss_or_weakening","8",36857867,36899359,41493,"*","crm/CRMHS00011770190","TCGA-BH-A18G-01A-11D-A12B-09","KCNU1",36888755,36888755,"A","G","SNP","Down regulated in TNBC","GRCh38","Homo sapiens","Cis-regulatory module located in Homo sapiens chr8 between 36857867 and 36899359","http://www.licpathway.net/sedb/search/search_se.php?se_id=SE_02_080900548","SEdb","BTO_0001248; CLO_0009251; CL_0002327; UBERON_0000310","PMID:30371817","MI_0402; OBI_0001954; ECO_0000226; EFO_0004176; NCIT_C106048",NA,"KCNU1","KCNU1; TPT1P8","KCNU1"
"8",36888755,36888755,1,"-","chr8:36888755:A:G","A","G","SNV","-7, 1","ATF3","HOCOMOCO","ATF3_f1","ATF3_HUMAN","          agtatatcAaagattac            ",0.873889414700173,0.625714147731018,6.02634428033563,4.3520421462292,1,-1.67430213410643,-0.243458964256936,"strong","loss_or_weakening","8",36886882,36889082,2201,"*","crm/CRMHS00007718227","TCGA-BH-A18G-01A-11D-A12B-09","KCNU1",36888755,36888755,"A","G","SNP","Down regulated in TNBC","GRCh38","Homo sapiens","Cis-regulatory module located in Homo sapiens chr8 between 36886882 and 36889082","NA","JEME","CL_0002327; UBERON_0000310; BTO_0004300","PMID:28869592","NCIT_C75940; MI_0402; EFO_0004176; ECO_0000226; OBI_0001954; NCIT_C106048",NA,"KCNU1","KCNU1; TPT1P8","KCNU1"
"15",42010115,42010115,1,"+","chr15:42010115:G:T","G","T","SNV","-2, 8","RELA","HOCOMOCO","TF65_f2","TF65_HUMAN","        ccttcccttgGcttttccaga          ",0.912061916120385,0.765329554454538,10.4194555639235,8.76481138442749,1,-1.65464417949599,-0.145003047016481,"strong","loss_or_weakening","15",42009312,42085095,75784,"*","crm/CRMHS00011559305","TCGA-AQ-A04J-01A-02W-A050-09","PLA2G4E",42010115,42010115,"G","T","SNP","Up regulated in TNBC","GRCh38","Homo sapiens","Cis-regulatory module located in Homo sapiens chr15 between 42009312 and 42085095","http://www.licpathway.net/sedb/search/search_se.php?se_id=SE_02_103501267","SEdb","CL_0002327; UBERON_0000310; BTO_0005963; CLO_0003658","PMID:30371817","MI_0402; OBI_0001954; ECO_0000226; EFO_0004176; NCIT_C106048",NA,"EHD4; PLA2G4D; PLA2G4E","CTD-2382E5.2; PLA2G4D; PLA2G4E","PLA2G4E"
"17",57257094,57257094,1,"-","chr17:57257094:C:T","C","T","SNV","-10, 1","ATF5","HOCOMOCO","ATF5_si","ATF5_HUMAN","       gttttctccctTtagtaaaatgt         ",0.855530576343796,0.955015011975124,9.03180926542084,10.0543780668823,1,1.02256880146148,0.0972322627679917,"strong","gain_or_strengthening","17",57243418,57265764,22347,"*","crm/CRMHS00011988267","TCGA-BH-A1FC-01A-11D-A13L-09","MSI2",57257094,57257094,"C","T","SNP","Down regulated in TNBC","GRCh38","Homo sapiens","Cis-regulatory module located in Homo sapiens chr17 between 57243418 and 57265764","http://www.licpathway.net/sedb/search/search_se.php?se_id=SE_02_157800359","SEdb","BTO_0000093; CLO_0007606; CL_0002327; UBERON_0000310","PMID:30371817","MI_0402; OBI_0001954; ECO_0000226; EFO_0004176; NCIT_C106048",NA,"MSI2","MSI2","MSI2"
"17",57257094,57257094,1,"-","chr17:57257094:C:T","C","T","SNV","-10, 1","ATF5","HOCOMOCO","ATF5_si","ATF5_HUMAN","       gttttctccctTtagtaaaatgt         ",0.855530576343796,0.955015011975124,9.03180926542084,10.0543780668823,1,1.02256880146148,0.0972322627679917,"strong","gain_or_strengthening","17",57256656,57260174,3519,"*","crm/CRMHS00005146695","TCGA-BH-A1FC-01A-11D-A13L-09","MSI2",57257094,57257094,"C","T","SNP","Down regulated in TNBC","GRCh38","Homo sapiens","Cis-regulatory module located in Homo sapiens chr17 between 57256656 and 57260174","http://lcbb.swjtu.edu.cn/EnhFFL/details/?term=enH567047&subtype=enhancer&species=human","EnhFFL","CL_0002327; UBERON_0000310; BTO_0004300","PMID:35694152","MI_0402; OBI_0001954; ECO_0000226; EFO_0004176; NCIT_C106048",NA,"MSI2","MSI2","MSI2"
"7",157574355,157574355,1,"-","chr7:157574355:T:G","T","G","SNV","-4, 3","ARNT","HOCOMOCO","ARNT_f1","ARNT_HUMAN","           tgatcacGtttgtga             ",0.73041057042859,0.951881958018045,6.52843167512614,8.48708829686527,1,1.95865662173913,0.219761756354915,"strong","gain_or_strengthening","7",157551524,157577007,25484,"*","crm/CRMHS00011528761","TCGA-E2-A14N-01A-31D-A135-09","PTPRN2",157574355,157574355,"T","G","SNP","Down regulated in TNBC","GRCh38","Homo sapiens","Cis-regulatory module located in Homo sapiens chr7 between 157551524 and 157577007","http://www.licpathway.net/sedb/search/search_se.php?se_id=SE_02_099100264","SEdb","BTO_0000815; CLO_0007634; CL_0002327; UBERON_0000310","PMID:30371817","MI_0402; OBI_0001954; ECO_0000226; EFO_0004176; NCIT_C106048",NA,"DNAJB6; PTPRN2","MIR153-2; PTPRN2","PTPRN2"
"12",88534709,88534709,1,"+","chr12:88534709:C:T","C","T","SNV","-5, 1","MAFG","HOCOMOCO","MAFG_si","MAFG_HUMAN","            acatgaCggcatt              ",0.987954538073,0.815466238096838,7.88365192687353,6.52105485036379,1,-1.36259707650973,-0.170777047476722,"strong","loss_or_weakening","12",88469113,88581831,112719,"*","crm/CRMHS00011780307","TCGA-B6-A409-01A-11D-A243-09","KITLG",88534709,88534709,"C","T","SNP","Down regulated in TNBC","GRCh38","Homo sapiens","Cis-regulatory module located in Homo sapiens chr12 between 88469113 and 88581831","http://www.licpathway.net/sedb/search/search_se.php?se_id=SE_02_125300056","SEdb","CL_0002327; UBERON_0000310; BTO_0005022; CLO_0002194","PMID:30371817","MI_0402; OBI_0001954; ECO_0000226; EFO_0004176; NCIT_C106048",NA,"KITLG","KITLG; RNU1-117P; RP11-900F13.3","KITLG"
"14",100109710,100109710,1,"+","chr14:100109710:A:G","A","G","SNV","-5, 4","GFI1","HOCOMOCO","GFI1_f1","GFI1_HUMAN","         ggttaatggGattgtctca           ",0.677667211356592,0.884024642488013,6.5455873605046,8.48042414625059,1,1.93483678574599,0.202223247959667,"strong","gain_or_strengthening","14",100010411,100160266,149856,"*","crm/CRMHS00011511944","TCGA-D8-A142-01A-11D-A10Y-09","EVL",100109710,100109710,"A","G","SNP","Down regulated in TNBC","GRCh38","Homo sapiens","Cis-regulatory module located in Homo sapiens chr14 between 100010411 and 100160266","http://www.licpathway.net/sedb/search/search_se.php?se_id=SE_02_024600024","SEdb","BTO_0000093; CLO_0007606; CL_0002327; UBERON_0000310","PMID:30371817","MI_0402; OBI_0001954; ECO_0000226; EFO_0004176; NCIT_C106048",NA,"DEGS2; EVL","CTD-2376I20.1; DEGS2; EVL; MIR151B; MIR342","EVL"
"17",57257094,57257094,1,"-","chr17:57257094:C:T","C","T","SNV","-7, 2","NR0B1","HOCOMOCO","NR0B1_si","NR0B1_HUMAN","         tttctccctCtagtaaaat           ",0.887339053367923,0.75381089836272,4.87873422863941,4.17502128873481,1,-0.703712939904608,-0.128591373806713,"strong","loss_or_weakening","17",57243418,57265764,22347,"*","crm/CRMHS00011988267","TCGA-BH-A1FC-01A-11D-A13L-09","MSI2",57257094,57257094,"C","T","SNP","Down regulated in TNBC","GRCh38","Homo sapiens","Cis-regulatory module located in Homo sapiens chr17 between 57243418 and 57265764","http://www.licpathway.net/sedb/search/search_se.php?se_id=SE_02_157800359","SEdb","BTO_0000093; CLO_0007606; CL_0002327; UBERON_0000310","PMID:30371817","MI_0402; OBI_0001954; ECO_0000226; EFO_0004176; NCIT_C106048",NA,"MSI2","MSI2","MSI2"
"17",57257094,57257094,1,"-","chr17:57257094:C:T","C","T","SNV","-7, 2","NR0B1","HOCOMOCO","NR0B1_si","NR0B1_HUMAN","         tttctccctCtagtaaaat           ",0.887339053367923,0.75381089836272,4.87873422863941,4.17502128873481,1,-0.703712939904608,-0.128591373806713,"strong","loss_or_weakening","17",57256656,57260174,3519,"*","crm/CRMHS00005146695","TCGA-BH-A1FC-01A-11D-A13L-09","MSI2",57257094,57257094,"C","T","SNP","Down regulated in TNBC","GRCh38","Homo sapiens","Cis-regulatory module located in Homo sapiens chr17 between 57256656 and 57260174","http://lcbb.swjtu.edu.cn/EnhFFL/details/?term=enH567047&subtype=enhancer&species=human","EnhFFL","CL_0002327; UBERON_0000310; BTO_0004300","PMID:35694152","MI_0402; OBI_0001954; ECO_0000226; EFO_0004176; NCIT_C106048",NA,"MSI2","MSI2","MSI2"
"15",33066716,33066716,1,"-","chr15:33066716:C:A","C","A","SNV","-9, 1","EGR4","HOCOMOCO","EGR4_f1","EGR4_HUMAN","        gacctcaccaCcctgggtttg          ",0.860837545225139,0.713746911215651,7.12247030006217,5.9748029451615,1,-1.14766735490067,-0.139818277921068,"strong","loss_or_weakening","15",33054614,33084058,29445,"*","crm/CRMHS00011631134","TCGA-A2-A04Q-01A-21W-A050-09","FMN1",33066716,33066716,"C","A","SNP","Down regulated in TNBC","GRCh38","Homo sapiens","Cis-regulatory module located in Homo sapiens chr15 between 33054614 and 33084058","http://www.licpathway.net/sedb/search/search_se.php?se_id=SE_02_053200220","SEdb","BTO_0001248; CLO_0009251; CL_0002327; UBERON_0000310","PMID:30371817","MI_0402; OBI_0001954; ECO_0000226; EFO_0004176; NCIT_C106048",NA,"FMN1","FMN1","FMN1"
"15",33066716,33066716,1,"-","chr15:33066716:C:A","C","A","SNV","-9, 1","EGR4","HOCOMOCO","EGR4_f1","EGR4_HUMAN","        gacctcaccaCcctgggtttg          ",0.860837545225139,0.713746911215651,7.12247030006217,5.9748029451615,1,-1.14766735490067,-0.139818277921068,"strong","loss_or_weakening","15",33055780,33074960,19181,"*","crm/CRMHS00011631243","TCGA-A2-A04Q-01A-21W-A050-09","FMN1",33066716,33066716,"C","A","SNP","Down regulated in TNBC","GRCh38","Homo sapiens","Cis-regulatory module located in Homo sapiens chr15 between 33055780 and 33074960","http://www.licpathway.net/sedb/search/search_se.php?se_id=SE_02_080900388","SEdb","BTO_0001248; CLO_0009251; CL_0002327; UBERON_0000310","PMID:30371817","MI_0402; OBI_0001954; ECO_0000226; EFO_0004176; NCIT_C106048",NA,"FMN1","FMN1","FMN1"
"15",33066716,33066716,1,"-","chr15:33066716:C:A","C","A","SNV","-9, 1","EGR4","HOCOMOCO","EGR4_f1","EGR4_HUMAN","        gacctcaccaCcctgggtttg          ",0.860837545225139,0.713746911215651,7.12247030006217,5.9748029451615,1,-1.14766735490067,-0.139818277921068,"strong","loss_or_weakening","15",33055832,33070783,14952,"*","crm/CRMHS00011631233","TCGA-A2-A04Q-01A-21W-A050-09","FMN1",33066716,33066716,"C","A","SNP","Down regulated in TNBC","GRCh38","Homo sapiens","Cis-regulatory module located in Homo sapiens chr15 between 33055832 and 33070783","http://www.licpathway.net/sedb/search/search_se.php?se_id=SE_02_108800393","SEdb","BTO_0001248; CLO_0009251; CL_0002327; UBERON_0000310","PMID:30371817","MI_0402; OBI_0001954; ECO_0000226; EFO_0004176; NCIT_C106048",NA,"FMN1","FMN1","FMN1"
"15",33066716,33066716,1,"-","chr15:33066716:C:A","C","A","SNV","-9, 1","EGR4","HOCOMOCO","EGR4_f1","EGR4_HUMAN","        gacctcaccaCcctgggtttg          ",0.860837545225139,0.713746911215651,7.12247030006217,5.9748029451615,1,-1.14766735490067,-0.139818277921068,"strong","loss_or_weakening","15",33056168,33070742,14575,"*","crm/CRMHS00011631257","TCGA-A2-A04Q-01A-21W-A050-09","FMN1",33066716,33066716,"C","A","SNP","Down regulated in TNBC","GRCh38","Homo sapiens","Cis-regulatory module located in Homo sapiens chr15 between 33056168 and 33070742","http://www.licpathway.net/sedb/search/search_se.php?se_id=SE_02_109300597","SEdb","BTO_0001248; CLO_0009251; CL_0002327; UBERON_0000310","PMID:30371817","MI_0402; OBI_0001954; ECO_0000226; EFO_0004176; NCIT_C106048",NA,"FMN1","FMN1","FMN1"
"15",33066716,33066716,1,"-","chr15:33066716:C:A","C","A","SNV","-9, 1","EGR4","HOCOMOCO","EGR4_f1","EGR4_HUMAN","        gacctcaccaCcctgggtttg          ",0.860837545225139,0.713746911215651,7.12247030006217,5.9748029451615,1,-1.14766735490067,-0.139818277921068,"strong","loss_or_weakening","15",33056249,33075015,18767,"*","crm/CRMHS00011631349","TCGA-A2-A04Q-01A-21W-A050-09","FMN1",33066716,33066716,"C","A","SNP","Down regulated in TNBC","GRCh38","Homo sapiens","Cis-regulatory module located in Homo sapiens chr15 between 33056249 and 33075015","http://www.licpathway.net/sedb/search/search_se.php?se_id=SE_02_109200436","SEdb","BTO_0001248; CLO_0009251; CL_0002327; UBERON_0000310","PMID:30371817","MI_0402; OBI_0001954; ECO_0000226; EFO_0004176; NCIT_C106048",NA,"FMN1","FMN1","FMN1"
"15",33066716,33066716,1,"-","chr15:33066716:C:A","C","A","SNV","-9, 1","EGR4","HOCOMOCO","EGR4_f1","EGR4_HUMAN","        gacctcaccaCcctgggtttg          ",0.860837545225139,0.713746911215651,7.12247030006217,5.9748029451615,1,-1.14766735490067,-0.139818277921068,"strong","loss_or_weakening","15",33056339,33074893,18555,"*","crm/CRMHS00011631161","TCGA-A2-A04Q-01A-21W-A050-09","FMN1",33066716,33066716,"C","A","SNP","Down regulated in TNBC","GRCh38","Homo sapiens","Cis-regulatory module located in Homo sapiens chr15 between 33056339 and 33074893","http://www.licpathway.net/sedb/search/search_se.php?se_id=SE_02_123400467","SEdb","BTO_0001248; CLO_0009251; CL_0002327; UBERON_0000310","PMID:30371817","MI_0402; OBI_0001954; ECO_0000226; EFO_0004176; NCIT_C106048",NA,"FMN1","FMN1","FMN1"
"15",33066716,33066716,1,"-","chr15:33066716:C:A","C","A","SNV","-9, 1","EGR4","HOCOMOCO","EGR4_f1","EGR4_HUMAN","        gacctcaccaCcctgggtttg          ",0.860837545225139,0.713746911215651,7.12247030006217,5.9748029451615,1,-1.14766735490067,-0.139818277921068,"strong","loss_or_weakening","15",33064149,33132625,68477,"*","crm/CRMHS00011631262","TCGA-A2-A04Q-01A-21W-A050-09","FMN1",33066716,33066716,"C","A","SNP","Down regulated in TNBC","GRCh38","Homo sapiens","Cis-regulatory module located in Homo sapiens chr15 between 33064149 and 33132625","http://www.licpathway.net/sedb/search/search_se.php?se_id=SE_02_048100443","SEdb","BTO_0000815; CLO_0007634; CL_0002327; UBERON_0000310","PMID:30371817","MI_0402; OBI_0001954; ECO_0000226; EFO_0004176; NCIT_C106048",NA,"FMN1","FMN1; RP11-12O16.1","FMN1"
"15",33066716,33066716,1,"-","chr15:33066716:C:A","C","A","SNV","-9, 1","EGR4","HOCOMOCO","EGR4_f1","EGR4_HUMAN","        gacctcaccaCcctgggtttg          ",0.860837545225139,0.713746911215651,7.12247030006217,5.9748029451615,1,-1.14766735490067,-0.139818277921068,"strong","loss_or_weakening","15",33064303,33070618,6316,"*","crm/CRMHS00011631376","TCGA-A2-A04Q-01A-21W-A050-09","FMN1",33066716,33066716,"C","A","SNP","Down regulated in TNBC","GRCh38","Homo sapiens","Cis-regulatory module located in Homo sapiens chr15 between 33064303 and 33070618","http://www.licpathway.net/sedb/search/search_se.php?se_id=SE_02_108900304","SEdb","BTO_0001248; CLO_0009251; CL_0002327; UBERON_0000310","PMID:30371817","MI_0402; OBI_0001954; ECO_0000226; EFO_0004176; NCIT_C106048",NA,"FMN1","FMN1","FMN1"
"15",33066716,33066716,1,"-","chr15:33066716:C:A","C","A","SNV","-9, 1","EGR4","HOCOMOCO","EGR4_f1","EGR4_HUMAN","        gacctcaccaCcctgggtttg          ",0.860837545225139,0.713746911215651,7.12247030006217,5.9748029451615,1,-1.14766735490067,-0.139818277921068,"strong","loss_or_weakening","15",33064353,33070635,6283,"*","crm/CRMHS00011631218","TCGA-A2-A04Q-01A-21W-A050-09","FMN1",33066716,33066716,"C","A","SNP","Down regulated in TNBC","GRCh38","Homo sapiens","Cis-regulatory module located in Homo sapiens chr15 between 33064353 and 33070635","http://www.licpathway.net/sedb/search/search_se.php?se_id=SE_02_109000427","SEdb","BTO_0001248; CLO_0009251; CL_0002327; UBERON_0000310","PMID:30371817","MI_0402; OBI_0001954; ECO_0000226; EFO_0004176; NCIT_C106048",NA,"FMN1","FMN1","FMN1"
"7",157574355,157574355,1,"+","chr7:157574355:T:G","T","G","SNV","-6, 2","E4F1","HOCOMOCO","E4F1_f1","E4F1_HUMAN","          atgatcacGtttgtgac            ",0.67158106287714,0.855086403220308,5.20197939962143,6.54911404110891,1,1.34713464148747,0.176953223527321,"strong","gain_or_strengthening","7",157551524,157577007,25484,"*","crm/CRMHS00011528761","TCGA-E2-A14N-01A-31D-A135-09","PTPRN2",157574355,157574355,"T","G","SNP","Down regulated in TNBC","GRCh38","Homo sapiens","Cis-regulatory module located in Homo sapiens chr7 between 157551524 and 157577007","http://www.licpathway.net/sedb/search/search_se.php?se_id=SE_02_099100264","SEdb","BTO_0000815; CLO_0007634; CL_0002327; UBERON_0000310","PMID:30371817","MI_0402; OBI_0001954; ECO_0000226; EFO_0004176; NCIT_C106048",NA,"DNAJB6; PTPRN2","MIR153-2; PTPRN2","PTPRN2"
"12",88534709,88534709,1,"+","chr12:88534709:C:T","C","T","SNV","-4, 5","ATF1","HOCOMOCO","ATF1_si","ATF1_HUMAN","         cagacatgaCggcattttt           ",0.879143492054935,0.730719194249646,9.39712768880833,7.83756161329406,1,-1.55956607551427,-0.146204399428039,"strong","loss_or_weakening","12",88469113,88581831,112719,"*","crm/CRMHS00011780307","TCGA-B6-A409-01A-11D-A243-09","KITLG",88534709,88534709,"C","T","SNP","Down regulated in TNBC","GRCh38","Homo sapiens","Cis-regulatory module located in Homo sapiens chr12 between 88469113 and 88581831","http://www.licpathway.net/sedb/search/search_se.php?se_id=SE_02_125300056","SEdb","CL_0002327; UBERON_0000310; BTO_0005022; CLO_0002194","PMID:30371817","MI_0402; OBI_0001954; ECO_0000226; EFO_0004176; NCIT_C106048",NA,"KITLG","KITLG; RNU1-117P; RP11-900F13.3","KITLG"
"7",157574355,157574355,1,"-","chr7:157574355:T:G","T","G","SNV","-3, 3","NKX2-5","HOCOMOCO","NKX25_f1","NKX25_HUMAN","            gatcacTtttgtg              ",0.943007577007485,0.768372506845044,7.04407296914635,5.75428534131547,1,-1.28978762783088,-0.17277804715737,"strong","loss_or_weakening","7",157551524,157577007,25484,"*","crm/CRMHS00011528761","TCGA-E2-A14N-01A-31D-A135-09","PTPRN2",157574355,157574355,"T","G","SNP","Down regulated in TNBC","GRCh38","Homo sapiens","Cis-regulatory module located in Homo sapiens chr7 between 157551524 and 157577007","http://www.licpathway.net/sedb/search/search_se.php?se_id=SE_02_099100264","SEdb","BTO_0000815; CLO_0007634; CL_0002327; UBERON_0000310","PMID:30371817","MI_0402; OBI_0001954; ECO_0000226; EFO_0004176; NCIT_C106048",NA,"DNAJB6; PTPRN2","MIR153-2; PTPRN2","PTPRN2"
"14",100109710,100109710,1,"+","chr14:100109710:A:G","A","G","SNV","-4, 5","FEV","HOCOMOCO","FEV_f1","FEV_HUMAN","         ggttaatggAattgtctca           ",0.861797351545831,0.683699128345565,7.48913149229834,5.99068403064514,1,-1.4984474616532,-0.173192608013871,"strong","loss_or_weakening","14",100010411,100160266,149856,"*","crm/CRMHS00011511944","TCGA-D8-A142-01A-11D-A10Y-09","EVL",100109710,100109710,"A","G","SNP","Down regulated in TNBC","GRCh38","Homo sapiens","Cis-regulatory module located in Homo sapiens chr14 between 100010411 and 100160266","http://www.licpathway.net/sedb/search/search_se.php?se_id=SE_02_024600024","SEdb","BTO_0000093; CLO_0007606; CL_0002327; UBERON_0000310","PMID:30371817","MI_0402; OBI_0001954; ECO_0000226; EFO_0004176; NCIT_C106048",NA,"DEGS2; EVL","CTD-2376I20.1; DEGS2; EVL; MIR151B; MIR342","EVL"
"15",42010115,42010115,1,"+","chr15:42010115:G:T","G","T","SNV","-3, 8","REL","HOCOMOCO","REL_do","REL_HUMAN","       cccttcccttgGcttttccagaa         ",0.954127683455185,0.844479780995742,8.17010119926477,7.24720685842993,1,-0.922894340834837,-0.10786259896766,"strong","loss_or_weakening","15",42009312,42085095,75784,"*","crm/CRMHS00011559305","TCGA-AQ-A04J-01A-02W-A050-09","PLA2G4E",42010115,42010115,"G","T","SNP","Up regulated in TNBC","GRCh38","Homo sapiens","Cis-regulatory module located in Homo sapiens chr15 between 42009312 and 42085095","http://www.licpathway.net/sedb/search/search_se.php?se_id=SE_02_103501267","SEdb","CL_0002327; UBERON_0000310; BTO_0005963; CLO_0003658","PMID:30371817","MI_0402; OBI_0001954; ECO_0000226; EFO_0004176; NCIT_C106048",NA,"EHD4; PLA2G4D; PLA2G4E","CTD-2382E5.2; PLA2G4D; PLA2G4E","PLA2G4E"
"15",33066716,33066716,1,"-","chr15:33066716:C:A","C","A","SNV","-5, 3","ZIC1","HOCOMOCO","ZIC1_f1","ZIC1_HUMAN","          cctcaccaCcctgggtt            ",0.964025181377494,0.717897307514115,5.59543734934051,4.19567536400054,1,-1.39976198533997,-0.241336986254088,"strong","loss_or_weakening","15",33054614,33084058,29445,"*","crm/CRMHS00011631134","TCGA-A2-A04Q-01A-21W-A050-09","FMN1",33066716,33066716,"C","A","SNP","Down regulated in TNBC","GRCh38","Homo sapiens","Cis-regulatory module located in Homo sapiens chr15 between 33054614 and 33084058","http://www.licpathway.net/sedb/search/search_se.php?se_id=SE_02_053200220","SEdb","BTO_0001248; CLO_0009251; CL_0002327; UBERON_0000310","PMID:30371817","MI_0402; OBI_0001954; ECO_0000226; EFO_0004176; NCIT_C106048",NA,"FMN1","FMN1","FMN1"
"15",33066716,33066716,1,"-","chr15:33066716:C:A","C","A","SNV","-5, 3","ZIC1","HOCOMOCO","ZIC1_f1","ZIC1_HUMAN","          cctcaccaCcctgggtt            ",0.964025181377494,0.717897307514115,5.59543734934051,4.19567536400054,1,-1.39976198533997,-0.241336986254088,"strong","loss_or_weakening","15",33055780,33074960,19181,"*","crm/CRMHS00011631243","TCGA-A2-A04Q-01A-21W-A050-09","FMN1",33066716,33066716,"C","A","SNP","Down regulated in TNBC","GRCh38","Homo sapiens","Cis-regulatory module located in Homo sapiens chr15 between 33055780 and 33074960","http://www.licpathway.net/sedb/search/search_se.php?se_id=SE_02_080900388","SEdb","BTO_0001248; CLO_0009251; CL_0002327; UBERON_0000310","PMID:30371817","MI_0402; OBI_0001954; ECO_0000226; EFO_0004176; NCIT_C106048",NA,"FMN1","FMN1","FMN1"
"15",33066716,33066716,1,"-","chr15:33066716:C:A","C","A","SNV","-5, 3","ZIC1","HOCOMOCO","ZIC1_f1","ZIC1_HUMAN","          cctcaccaCcctgggtt            ",0.964025181377494,0.717897307514115,5.59543734934051,4.19567536400054,1,-1.39976198533997,-0.241336986254088,"strong","loss_or_weakening","15",33055832,33070783,14952,"*","crm/CRMHS00011631233","TCGA-A2-A04Q-01A-21W-A050-09","FMN1",33066716,33066716,"C","A","SNP","Down regulated in TNBC","GRCh38","Homo sapiens","Cis-regulatory module located in Homo sapiens chr15 between 33055832 and 33070783","http://www.licpathway.net/sedb/search/search_se.php?se_id=SE_02_108800393","SEdb","BTO_0001248; CLO_0009251; CL_0002327; UBERON_0000310","PMID:30371817","MI_0402; OBI_0001954; ECO_0000226; EFO_0004176; NCIT_C106048",NA,"FMN1","FMN1","FMN1"
"15",33066716,33066716,1,"-","chr15:33066716:C:A","C","A","SNV","-5, 3","ZIC1","HOCOMOCO","ZIC1_f1","ZIC1_HUMAN","          cctcaccaCcctgggtt            ",0.964025181377494,0.717897307514115,5.59543734934051,4.19567536400054,1,-1.39976198533997,-0.241336986254088,"strong","loss_or_weakening","15",33056168,33070742,14575,"*","crm/CRMHS00011631257","TCGA-A2-A04Q-01A-21W-A050-09","FMN1",33066716,33066716,"C","A","SNP","Down regulated in TNBC","GRCh38","Homo sapiens","Cis-regulatory module located in Homo sapiens chr15 between 33056168 and 33070742","http://www.licpathway.net/sedb/search/search_se.php?se_id=SE_02_109300597","SEdb","BTO_0001248; CLO_0009251; CL_0002327; UBERON_0000310","PMID:30371817","MI_0402; OBI_0001954; ECO_0000226; EFO_0004176; NCIT_C106048",NA,"FMN1","FMN1","FMN1"
"15",33066716,33066716,1,"-","chr15:33066716:C:A","C","A","SNV","-5, 3","ZIC1","HOCOMOCO","ZIC1_f1","ZIC1_HUMAN","          cctcaccaCcctgggtt            ",0.964025181377494,0.717897307514115,5.59543734934051,4.19567536400054,1,-1.39976198533997,-0.241336986254088,"strong","loss_or_weakening","15",33056249,33075015,18767,"*","crm/CRMHS00011631349","TCGA-A2-A04Q-01A-21W-A050-09","FMN1",33066716,33066716,"C","A","SNP","Down regulated in TNBC","GRCh38","Homo sapiens","Cis-regulatory module located in Homo sapiens chr15 between 33056249 and 33075015","http://www.licpathway.net/sedb/search/search_se.php?se_id=SE_02_109200436","SEdb","BTO_0001248; CLO_0009251; CL_0002327; UBERON_0000310","PMID:30371817","MI_0402; OBI_0001954; ECO_0000226; EFO_0004176; NCIT_C106048",NA,"FMN1","FMN1","FMN1"
"15",33066716,33066716,1,"-","chr15:33066716:C:A","C","A","SNV","-5, 3","ZIC1","HOCOMOCO","ZIC1_f1","ZIC1_HUMAN","          cctcaccaCcctgggtt            ",0.964025181377494,0.717897307514115,5.59543734934051,4.19567536400054,1,-1.39976198533997,-0.241336986254088,"strong","loss_or_weakening","15",33056339,33074893,18555,"*","crm/CRMHS00011631161","TCGA-A2-A04Q-01A-21W-A050-09","FMN1",33066716,33066716,"C","A","SNP","Down regulated in TNBC","GRCh38","Homo sapiens","Cis-regulatory module located in Homo sapiens chr15 between 33056339 and 33074893","http://www.licpathway.net/sedb/search/search_se.php?se_id=SE_02_123400467","SEdb","BTO_0001248; CLO_0009251; CL_0002327; UBERON_0000310","PMID:30371817","MI_0402; OBI_0001954; ECO_0000226; EFO_0004176; NCIT_C106048",NA,"FMN1","FMN1","FMN1"
"15",33066716,33066716,1,"-","chr15:33066716:C:A","C","A","SNV","-5, 3","ZIC1","HOCOMOCO","ZIC1_f1","ZIC1_HUMAN","          cctcaccaCcctgggtt            ",0.964025181377494,0.717897307514115,5.59543734934051,4.19567536400054,1,-1.39976198533997,-0.241336986254088,"strong","loss_or_weakening","15",33064149,33132625,68477,"*","crm/CRMHS00011631262","TCGA-A2-A04Q-01A-21W-A050-09","FMN1",33066716,33066716,"C","A","SNP","Down regulated in TNBC","GRCh38","Homo sapiens","Cis-regulatory module located in Homo sapiens chr15 between 33064149 and 33132625","http://www.licpathway.net/sedb/search/search_se.php?se_id=SE_02_048100443","SEdb","BTO_0000815; CLO_0007634; CL_0002327; UBERON_0000310","PMID:30371817","MI_0402; OBI_0001954; ECO_0000226; EFO_0004176; NCIT_C106048",NA,"FMN1","FMN1; RP11-12O16.1","FMN1"
"15",33066716,33066716,1,"-","chr15:33066716:C:A","C","A","SNV","-5, 3","ZIC1","HOCOMOCO","ZIC1_f1","ZIC1_HUMAN","          cctcaccaCcctgggtt            ",0.964025181377494,0.717897307514115,5.59543734934051,4.19567536400054,1,-1.39976198533997,-0.241336986254088,"strong","loss_or_weakening","15",33064303,33070618,6316,"*","crm/CRMHS00011631376","TCGA-A2-A04Q-01A-21W-A050-09","FMN1",33066716,33066716,"C","A","SNP","Down regulated in TNBC","GRCh38","Homo sapiens","Cis-regulatory module located in Homo sapiens chr15 between 33064303 and 33070618","http://www.licpathway.net/sedb/search/search_se.php?se_id=SE_02_108900304","SEdb","BTO_0001248; CLO_0009251; CL_0002327; UBERON_0000310","PMID:30371817","MI_0402; OBI_0001954; ECO_0000226; EFO_0004176; NCIT_C106048",NA,"FMN1","FMN1","FMN1"
"15",33066716,33066716,1,"-","chr15:33066716:C:A","C","A","SNV","-5, 3","ZIC1","HOCOMOCO","ZIC1_f1","ZIC1_HUMAN","          cctcaccaCcctgggtt            ",0.964025181377494,0.717897307514115,5.59543734934051,4.19567536400054,1,-1.39976198533997,-0.241336986254088,"strong","loss_or_weakening","15",33064353,33070635,6283,"*","crm/CRMHS00011631218","TCGA-A2-A04Q-01A-21W-A050-09","FMN1",33066716,33066716,"C","A","SNP","Down regulated in TNBC","GRCh38","Homo sapiens","Cis-regulatory module located in Homo sapiens chr15 between 33064353 and 33070635","http://www.licpathway.net/sedb/search/search_se.php?se_id=SE_02_109000427","SEdb","BTO_0001248; CLO_0009251; CL_0002327; UBERON_0000310","PMID:30371817","MI_0402; OBI_0001954; ECO_0000226; EFO_0004176; NCIT_C106048",NA,"FMN1","FMN1","FMN1"
"12",88534709,88534709,1,"-","chr12:88534709:C:T","C","T","SNV","-6, 4","CREM","HOCOMOCO","CREM_f1","CREM_HUMAN","        ccagacatgaCggcatttttg          ",0.859418851954129,0.76035526398505,8.39388947455867,7.44587694216236,1,-0.94801253239631,-0.0973397357298305,"strong","loss_or_weakening","12",88469113,88581831,112719,"*","crm/CRMHS00011780307","TCGA-B6-A409-01A-11D-A243-09","KITLG",88534709,88534709,"C","T","SNP","Down regulated in TNBC","GRCh38","Homo sapiens","Cis-regulatory module located in Homo sapiens chr12 between 88469113 and 88581831","http://www.licpathway.net/sedb/search/search_se.php?se_id=SE_02_125300056","SEdb","CL_0002327; UBERON_0000310; BTO_0005022; CLO_0002194","PMID:30371817","MI_0402; OBI_0001954; ECO_0000226; EFO_0004176; NCIT_C106048",NA,"KITLG","KITLG; RNU1-117P; RP11-900F13.3","KITLG"
"15",42010115,42010115,1,"+","chr15:42010115:G:T","G","T","SNV","-4, 2","NFIA+NFIB+NFIC+NFIX","HOCOMOCO","NFIA+NFIB+NFIC+NFIX_si","NFIA+NFIB+NFIC+NFIX_HUMAN","            cccttgGcttttc              ",0.995530294044202,0.756500188805334,6.71245816916401,5.11996120813887,1,-1.59249696102513,-0.236197126327947,"strong","loss_or_weakening","15",42009312,42085095,75784,"*","crm/CRMHS00011559305","TCGA-AQ-A04J-01A-02W-A050-09","PLA2G4E",42010115,42010115,"G","T","SNP","Up regulated in TNBC","GRCh38","Homo sapiens","Cis-regulatory module located in Homo sapiens chr15 between 42009312 and 42085095","http://www.licpathway.net/sedb/search/search_se.php?se_id=SE_02_103501267","SEdb","CL_0002327; UBERON_0000310; BTO_0005963; CLO_0003658","PMID:30371817","MI_0402; OBI_0001954; ECO_0000226; EFO_0004176; NCIT_C106048",NA,"EHD4; PLA2G4D; PLA2G4E","CTD-2382E5.2; PLA2G4D; PLA2G4E","PLA2G4E"
"12",88534709,88534709,1,"+","chr12:88534709:C:T","C","T","SNV","-2, 4","NFIA+NFIB+NFIC+NFIX","HOCOMOCO","NFIA+NFIB+NFIC+NFIX_si","NFIA+NFIB+NFIC+NFIX_HUMAN","            acatgaTggcatt              ",0.673221548418423,0.896433878093449,4.56513159116686,6.05224534328439,1,1.48711375211753,0.220566822649897,"strong","gain_or_strengthening","12",88469113,88581831,112719,"*","crm/CRMHS00011780307","TCGA-B6-A409-01A-11D-A243-09","KITLG",88534709,88534709,"C","T","SNP","Down regulated in TNBC","GRCh38","Homo sapiens","Cis-regulatory module located in Homo sapiens chr12 between 88469113 and 88581831","http://www.licpathway.net/sedb/search/search_se.php?se_id=SE_02_125300056","SEdb","CL_0002327; UBERON_0000310; BTO_0005022; CLO_0002194","PMID:30371817","MI_0402; OBI_0001954; ECO_0000226; EFO_0004176; NCIT_C106048",NA,"KITLG","KITLG; RNU1-117P; RP11-900F13.3","KITLG"
"8",36888755,36888755,1,"+","chr8:36888755:A:G","A","G","SNV","-5, 6","TCF7","HOCOMOCO","TCF7_f1","TCF7_HUMAN","       agaagtatatcAaagattacatg         ",0.939367077452536,0.750834372481293,6.64508790504366,5.36659873169247,1,-1.27848917335118,-0.181185216018508,"strong","loss_or_weakening","8",36857867,36899359,41493,"*","crm/CRMHS00011770190","TCGA-BH-A18G-01A-11D-A12B-09","KCNU1",36888755,36888755,"A","G","SNP","Down regulated in TNBC","GRCh38","Homo sapiens","Cis-regulatory module located in Homo sapiens chr8 between 36857867 and 36899359","http://www.licpathway.net/sedb/search/search_se.php?se_id=SE_02_080900548","SEdb","BTO_0001248; CLO_0009251; CL_0002327; UBERON_0000310","PMID:30371817","MI_0402; OBI_0001954; ECO_0000226; EFO_0004176; NCIT_C106048",NA,"KCNU1","KCNU1; TPT1P8","KCNU1"
"8",36888755,36888755,1,"+","chr8:36888755:A:G","A","G","SNV","-5, 6","TCF7","HOCOMOCO","TCF7_f1","TCF7_HUMAN","       agaagtatatcAaagattacatg         ",0.939367077452536,0.750834372481293,6.64508790504366,5.36659873169247,1,-1.27848917335118,-0.181185216018508,"strong","loss_or_weakening","8",36886882,36889082,2201,"*","crm/CRMHS00007718227","TCGA-BH-A18G-01A-11D-A12B-09","KCNU1",36888755,36888755,"A","G","SNP","Down regulated in TNBC","GRCh38","Homo sapiens","Cis-regulatory module located in Homo sapiens chr8 between 36886882 and 36889082","NA","JEME","CL_0002327; UBERON_0000310; BTO_0004300","PMID:28869592","NCIT_C75940; MI_0402; EFO_0004176; ECO_0000226; OBI_0001954; NCIT_C106048",NA,"KCNU1","KCNU1; TPT1P8","KCNU1"
"15",33066716,33066716,1,"-","chr15:33066716:C:A","C","A","SNV","-5, 3","ZIC3","HOCOMOCO","ZIC3_f1","ZIC3_HUMAN","          cctcaccaCcctgggtt            ",0.969031929416894,0.794255886215433,4.66956243362663,3.85798007188583,1,-0.811582361740795,-0.16861020549518,"strong","loss_or_weakening","15",33054614,33084058,29445,"*","crm/CRMHS00011631134","TCGA-A2-A04Q-01A-21W-A050-09","FMN1",33066716,33066716,"C","A","SNP","Down regulated in TNBC","GRCh38","Homo sapiens","Cis-regulatory module located in Homo sapiens chr15 between 33054614 and 33084058","http://www.licpathway.net/sedb/search/search_se.php?se_id=SE_02_053200220","SEdb","BTO_0001248; CLO_0009251; CL_0002327; UBERON_0000310","PMID:30371817","MI_0402; OBI_0001954; ECO_0000226; EFO_0004176; NCIT_C106048",NA,"FMN1","FMN1","FMN1"
"15",33066716,33066716,1,"-","chr15:33066716:C:A","C","A","SNV","-5, 3","ZIC3","HOCOMOCO","ZIC3_f1","ZIC3_HUMAN","          cctcaccaCcctgggtt            ",0.969031929416894,0.794255886215433,4.66956243362663,3.85798007188583,1,-0.811582361740795,-0.16861020549518,"strong","loss_or_weakening","15",33055780,33074960,19181,"*","crm/CRMHS00011631243","TCGA-A2-A04Q-01A-21W-A050-09","FMN1",33066716,33066716,"C","A","SNP","Down regulated in TNBC","GRCh38","Homo sapiens","Cis-regulatory module located in Homo sapiens chr15 between 33055780 and 33074960","http://www.licpathway.net/sedb/search/search_se.php?se_id=SE_02_080900388","SEdb","BTO_0001248; CLO_0009251; CL_0002327; UBERON_0000310","PMID:30371817","MI_0402; OBI_0001954; ECO_0000226; EFO_0004176; NCIT_C106048",NA,"FMN1","FMN1","FMN1"
"15",33066716,33066716,1,"-","chr15:33066716:C:A","C","A","SNV","-5, 3","ZIC3","HOCOMOCO","ZIC3_f1","ZIC3_HUMAN","          cctcaccaCcctgggtt            ",0.969031929416894,0.794255886215433,4.66956243362663,3.85798007188583,1,-0.811582361740795,-0.16861020549518,"strong","loss_or_weakening","15",33055832,33070783,14952,"*","crm/CRMHS00011631233","TCGA-A2-A04Q-01A-21W-A050-09","FMN1",33066716,33066716,"C","A","SNP","Down regulated in TNBC","GRCh38","Homo sapiens","Cis-regulatory module located in Homo sapiens chr15 between 33055832 and 33070783","http://www.licpathway.net/sedb/search/search_se.php?se_id=SE_02_108800393","SEdb","BTO_0001248; CLO_0009251; CL_0002327; UBERON_0000310","PMID:30371817","MI_0402; OBI_0001954; ECO_0000226; EFO_0004176; NCIT_C106048",NA,"FMN1","FMN1","FMN1"
"15",33066716,33066716,1,"-","chr15:33066716:C:A","C","A","SNV","-5, 3","ZIC3","HOCOMOCO","ZIC3_f1","ZIC3_HUMAN","          cctcaccaCcctgggtt            ",0.969031929416894,0.794255886215433,4.66956243362663,3.85798007188583,1,-0.811582361740795,-0.16861020549518,"strong","loss_or_weakening","15",33056168,33070742,14575,"*","crm/CRMHS00011631257","TCGA-A2-A04Q-01A-21W-A050-09","FMN1",33066716,33066716,"C","A","SNP","Down regulated in TNBC","GRCh38","Homo sapiens","Cis-regulatory module located in Homo sapiens chr15 between 33056168 and 33070742","http://www.licpathway.net/sedb/search/search_se.php?se_id=SE_02_109300597","SEdb","BTO_0001248; CLO_0009251; CL_0002327; UBERON_0000310","PMID:30371817","MI_0402; OBI_0001954; ECO_0000226; EFO_0004176; NCIT_C106048",NA,"FMN1","FMN1","FMN1"
"15",33066716,33066716,1,"-","chr15:33066716:C:A","C","A","SNV","-5, 3","ZIC3","HOCOMOCO","ZIC3_f1","ZIC3_HUMAN","          cctcaccaCcctgggtt            ",0.969031929416894,0.794255886215433,4.66956243362663,3.85798007188583,1,-0.811582361740795,-0.16861020549518,"strong","loss_or_weakening","15",33056249,33075015,18767,"*","crm/CRMHS00011631349","TCGA-A2-A04Q-01A-21W-A050-09","FMN1",33066716,33066716,"C","A","SNP","Down regulated in TNBC","GRCh38","Homo sapiens","Cis-regulatory module located in Homo sapiens chr15 between 33056249 and 33075015","http://www.licpathway.net/sedb/search/search_se.php?se_id=SE_02_109200436","SEdb","BTO_0001248; CLO_0009251; CL_0002327; UBERON_0000310","PMID:30371817","MI_0402; OBI_0001954; ECO_0000226; EFO_0004176; NCIT_C106048",NA,"FMN1","FMN1","FMN1"
"15",33066716,33066716,1,"-","chr15:33066716:C:A","C","A","SNV","-5, 3","ZIC3","HOCOMOCO","ZIC3_f1","ZIC3_HUMAN","          cctcaccaCcctgggtt            ",0.969031929416894,0.794255886215433,4.66956243362663,3.85798007188583,1,-0.811582361740795,-0.16861020549518,"strong","loss_or_weakening","15",33056339,33074893,18555,"*","crm/CRMHS00011631161","TCGA-A2-A04Q-01A-21W-A050-09","FMN1",33066716,33066716,"C","A","SNP","Down regulated in TNBC","GRCh38","Homo sapiens","Cis-regulatory module located in Homo sapiens chr15 between 33056339 and 33074893","http://www.licpathway.net/sedb/search/search_se.php?se_id=SE_02_123400467","SEdb","BTO_0001248; CLO_0009251; CL_0002327; UBERON_0000310","PMID:30371817","MI_0402; OBI_0001954; ECO_0000226; EFO_0004176; NCIT_C106048",NA,"FMN1","FMN1","FMN1"
"15",33066716,33066716,1,"-","chr15:33066716:C:A","C","A","SNV","-5, 3","ZIC3","HOCOMOCO","ZIC3_f1","ZIC3_HUMAN","          cctcaccaCcctgggtt            ",0.969031929416894,0.794255886215433,4.66956243362663,3.85798007188583,1,-0.811582361740795,-0.16861020549518,"strong","loss_or_weakening","15",33064149,33132625,68477,"*","crm/CRMHS00011631262","TCGA-A2-A04Q-01A-21W-A050-09","FMN1",33066716,33066716,"C","A","SNP","Down regulated in TNBC","GRCh38","Homo sapiens","Cis-regulatory module located in Homo sapiens chr15 between 33064149 and 33132625","http://www.licpathway.net/sedb/search/search_se.php?se_id=SE_02_048100443","SEdb","BTO_0000815; CLO_0007634; CL_0002327; UBERON_0000310","PMID:30371817","MI_0402; OBI_0001954; ECO_0000226; EFO_0004176; NCIT_C106048",NA,"FMN1","FMN1; RP11-12O16.1","FMN1"
"15",33066716,33066716,1,"-","chr15:33066716:C:A","C","A","SNV","-5, 3","ZIC3","HOCOMOCO","ZIC3_f1","ZIC3_HUMAN","          cctcaccaCcctgggtt            ",0.969031929416894,0.794255886215433,4.66956243362663,3.85798007188583,1,-0.811582361740795,-0.16861020549518,"strong","loss_or_weakening","15",33064303,33070618,6316,"*","crm/CRMHS00011631376","TCGA-A2-A04Q-01A-21W-A050-09","FMN1",33066716,33066716,"C","A","SNP","Down regulated in TNBC","GRCh38","Homo sapiens","Cis-regulatory module located in Homo sapiens chr15 between 33064303 and 33070618","http://www.licpathway.net/sedb/search/search_se.php?se_id=SE_02_108900304","SEdb","BTO_0001248; CLO_0009251; CL_0002327; UBERON_0000310","PMID:30371817","MI_0402; OBI_0001954; ECO_0000226; EFO_0004176; NCIT_C106048",NA,"FMN1","FMN1","FMN1"
"15",33066716,33066716,1,"-","chr15:33066716:C:A","C","A","SNV","-5, 3","ZIC3","HOCOMOCO","ZIC3_f1","ZIC3_HUMAN","          cctcaccaCcctgggtt            ",0.969031929416894,0.794255886215433,4.66956243362663,3.85798007188583,1,-0.811582361740795,-0.16861020549518,"strong","loss_or_weakening","15",33064353,33070635,6283,"*","crm/CRMHS00011631218","TCGA-A2-A04Q-01A-21W-A050-09","FMN1",33066716,33066716,"C","A","SNP","Down regulated in TNBC","GRCh38","Homo sapiens","Cis-regulatory module located in Homo sapiens chr15 between 33064353 and 33070635","http://www.licpathway.net/sedb/search/search_se.php?se_id=SE_02_109000427","SEdb","BTO_0001248; CLO_0009251; CL_0002327; UBERON_0000310","PMID:30371817","MI_0402; OBI_0001954; ECO_0000226; EFO_0004176; NCIT_C106048",NA,"FMN1","FMN1","FMN1"
"15",33066716,33066716,1,"-","chr15:33066716:C:A","C","A","SNV","-8, 2","RUNX2","HOCOMOCO","RUNX2_f1","RUNX2_HUMAN","        gacctcaccaCcctgggtttg          ",0.853069877852012,0.680110365674311,6.82148533348139,5.47589786882074,1,-1.34558746466065,-0.168946659968656,"strong","loss_or_weakening","15",33054614,33084058,29445,"*","crm/CRMHS00011631134","TCGA-A2-A04Q-01A-21W-A050-09","FMN1",33066716,33066716,"C","A","SNP","Down regulated in TNBC","GRCh38","Homo sapiens","Cis-regulatory module located in Homo sapiens chr15 between 33054614 and 33084058","http://www.licpathway.net/sedb/search/search_se.php?se_id=SE_02_053200220","SEdb","BTO_0001248; CLO_0009251; CL_0002327; UBERON_0000310","PMID:30371817","MI_0402; OBI_0001954; ECO_0000226; EFO_0004176; NCIT_C106048",NA,"FMN1","FMN1","FMN1"
"15",33066716,33066716,1,"-","chr15:33066716:C:A","C","A","SNV","-8, 2","RUNX2","HOCOMOCO","RUNX2_f1","RUNX2_HUMAN","        gacctcaccaCcctgggtttg          ",0.853069877852012,0.680110365674311,6.82148533348139,5.47589786882074,1,-1.34558746466065,-0.168946659968656,"strong","loss_or_weakening","15",33055780,33074960,19181,"*","crm/CRMHS00011631243","TCGA-A2-A04Q-01A-21W-A050-09","FMN1",33066716,33066716,"C","A","SNP","Down regulated in TNBC","GRCh38","Homo sapiens","Cis-regulatory module located in Homo sapiens chr15 between 33055780 and 33074960","http://www.licpathway.net/sedb/search/search_se.php?se_id=SE_02_080900388","SEdb","BTO_0001248; CLO_0009251; CL_0002327; UBERON_0000310","PMID:30371817","MI_0402; OBI_0001954; ECO_0000226; EFO_0004176; NCIT_C106048",NA,"FMN1","FMN1","FMN1"
"15",33066716,33066716,1,"-","chr15:33066716:C:A","C","A","SNV","-8, 2","RUNX2","HOCOMOCO","RUNX2_f1","RUNX2_HUMAN","        gacctcaccaCcctgggtttg          ",0.853069877852012,0.680110365674311,6.82148533348139,5.47589786882074,1,-1.34558746466065,-0.168946659968656,"strong","loss_or_weakening","15",33055832,33070783,14952,"*","crm/CRMHS00011631233","TCGA-A2-A04Q-01A-21W-A050-09","FMN1",33066716,33066716,"C","A","SNP","Down regulated in TNBC","GRCh38","Homo sapiens","Cis-regulatory module located in Homo sapiens chr15 between 33055832 and 33070783","http://www.licpathway.net/sedb/search/search_se.php?se_id=SE_02_108800393","SEdb","BTO_0001248; CLO_0009251; CL_0002327; UBERON_0000310","PMID:30371817","MI_0402; OBI_0001954; ECO_0000226; EFO_0004176; NCIT_C106048",NA,"FMN1","FMN1","FMN1"
"15",33066716,33066716,1,"-","chr15:33066716:C:A","C","A","SNV","-8, 2","RUNX2","HOCOMOCO","RUNX2_f1","RUNX2_HUMAN","        gacctcaccaCcctgggtttg          ",0.853069877852012,0.680110365674311,6.82148533348139,5.47589786882074,1,-1.34558746466065,-0.168946659968656,"strong","loss_or_weakening","15",33056168,33070742,14575,"*","crm/CRMHS00011631257","TCGA-A2-A04Q-01A-21W-A050-09","FMN1",33066716,33066716,"C","A","SNP","Down regulated in TNBC","GRCh38","Homo sapiens","Cis-regulatory module located in Homo sapiens chr15 between 33056168 and 33070742","http://www.licpathway.net/sedb/search/search_se.php?se_id=SE_02_109300597","SEdb","BTO_0001248; CLO_0009251; CL_0002327; UBERON_0000310","PMID:30371817","MI_0402; OBI_0001954; ECO_0000226; EFO_0004176; NCIT_C106048",NA,"FMN1","FMN1","FMN1"
"15",33066716,33066716,1,"-","chr15:33066716:C:A","C","A","SNV","-8, 2","RUNX2","HOCOMOCO","RUNX2_f1","RUNX2_HUMAN","        gacctcaccaCcctgggtttg          ",0.853069877852012,0.680110365674311,6.82148533348139,5.47589786882074,1,-1.34558746466065,-0.168946659968656,"strong","loss_or_weakening","15",33056249,33075015,18767,"*","crm/CRMHS00011631349","TCGA-A2-A04Q-01A-21W-A050-09","FMN1",33066716,33066716,"C","A","SNP","Down regulated in TNBC","GRCh38","Homo sapiens","Cis-regulatory module located in Homo sapiens chr15 between 33056249 and 33075015","http://www.licpathway.net/sedb/search/search_se.php?se_id=SE_02_109200436","SEdb","BTO_0001248; CLO_0009251; CL_0002327; UBERON_0000310","PMID:30371817","MI_0402; OBI_0001954; ECO_0000226; EFO_0004176; NCIT_C106048",NA,"FMN1","FMN1","FMN1"
"15",33066716,33066716,1,"-","chr15:33066716:C:A","C","A","SNV","-8, 2","RUNX2","HOCOMOCO","RUNX2_f1","RUNX2_HUMAN","        gacctcaccaCcctgggtttg          ",0.853069877852012,0.680110365674311,6.82148533348139,5.47589786882074,1,-1.34558746466065,-0.168946659968656,"strong","loss_or_weakening","15",33056339,33074893,18555,"*","crm/CRMHS00011631161","TCGA-A2-A04Q-01A-21W-A050-09","FMN1",33066716,33066716,"C","A","SNP","Down regulated in TNBC","GRCh38","Homo sapiens","Cis-regulatory module located in Homo sapiens chr15 between 33056339 and 33074893","http://www.licpathway.net/sedb/search/search_se.php?se_id=SE_02_123400467","SEdb","BTO_0001248; CLO_0009251; CL_0002327; UBERON_0000310","PMID:30371817","MI_0402; OBI_0001954; ECO_0000226; EFO_0004176; NCIT_C106048",NA,"FMN1","FMN1","FMN1"
"15",33066716,33066716,1,"-","chr15:33066716:C:A","C","A","SNV","-8, 2","RUNX2","HOCOMOCO","RUNX2_f1","RUNX2_HUMAN","        gacctcaccaCcctgggtttg          ",0.853069877852012,0.680110365674311,6.82148533348139,5.47589786882074,1,-1.34558746466065,-0.168946659968656,"strong","loss_or_weakening","15",33064149,33132625,68477,"*","crm/CRMHS00011631262","TCGA-A2-A04Q-01A-21W-A050-09","FMN1",33066716,33066716,"C","A","SNP","Down regulated in TNBC","GRCh38","Homo sapiens","Cis-regulatory module located in Homo sapiens chr15 between 33064149 and 33132625","http://www.licpathway.net/sedb/search/search_se.php?se_id=SE_02_048100443","SEdb","BTO_0000815; CLO_0007634; CL_0002327; UBERON_0000310","PMID:30371817","MI_0402; OBI_0001954; ECO_0000226; EFO_0004176; NCIT_C106048",NA,"FMN1","FMN1; RP11-12O16.1","FMN1"
"15",33066716,33066716,1,"-","chr15:33066716:C:A","C","A","SNV","-8, 2","RUNX2","HOCOMOCO","RUNX2_f1","RUNX2_HUMAN","        gacctcaccaCcctgggtttg          ",0.853069877852012,0.680110365674311,6.82148533348139,5.47589786882074,1,-1.34558746466065,-0.168946659968656,"strong","loss_or_weakening","15",33064303,33070618,6316,"*","crm/CRMHS00011631376","TCGA-A2-A04Q-01A-21W-A050-09","FMN1",33066716,33066716,"C","A","SNP","Down regulated in TNBC","GRCh38","Homo sapiens","Cis-regulatory module located in Homo sapiens chr15 between 33064303 and 33070618","http://www.licpathway.net/sedb/search/search_se.php?se_id=SE_02_108900304","SEdb","BTO_0001248; CLO_0009251; CL_0002327; UBERON_0000310","PMID:30371817","MI_0402; OBI_0001954; ECO_0000226; EFO_0004176; NCIT_C106048",NA,"FMN1","FMN1","FMN1"
"15",33066716,33066716,1,"-","chr15:33066716:C:A","C","A","SNV","-8, 2","RUNX2","HOCOMOCO","RUNX2_f1","RUNX2_HUMAN","        gacctcaccaCcctgggtttg          ",0.853069877852012,0.680110365674311,6.82148533348139,5.47589786882074,1,-1.34558746466065,-0.168946659968656,"strong","loss_or_weakening","15",33064353,33070635,6283,"*","crm/CRMHS00011631218","TCGA-A2-A04Q-01A-21W-A050-09","FMN1",33066716,33066716,"C","A","SNP","Down regulated in TNBC","GRCh38","Homo sapiens","Cis-regulatory module located in Homo sapiens chr15 between 33064353 and 33070635","http://www.licpathway.net/sedb/search/search_se.php?se_id=SE_02_109000427","SEdb","BTO_0001248; CLO_0009251; CL_0002327; UBERON_0000310","PMID:30371817","MI_0402; OBI_0001954; ECO_0000226; EFO_0004176; NCIT_C106048",NA,"FMN1","FMN1","FMN1"
"15",33066716,33066716,1,"-","chr15:33066716:C:A","C","A","SNV","-1, 5","ZEB1","HOCOMOCO","ZEB1_do","ZEB1_HUMAN","            tcaccaAcctggg              ",0.75384654393074,0.876577985750582,6.39253860037745,7.4232923220587,1,1.03075372168125,0.121840722440868,"strong","gain_or_strengthening","15",33054614,33084058,29445,"*","crm/CRMHS00011631134","TCGA-A2-A04Q-01A-21W-A050-09","FMN1",33066716,33066716,"C","A","SNP","Down regulated in TNBC","GRCh38","Homo sapiens","Cis-regulatory module located in Homo sapiens chr15 between 33054614 and 33084058","http://www.licpathway.net/sedb/search/search_se.php?se_id=SE_02_053200220","SEdb","BTO_0001248; CLO_0009251; CL_0002327; UBERON_0000310","PMID:30371817","MI_0402; OBI_0001954; ECO_0000226; EFO_0004176; NCIT_C106048",NA,"FMN1","FMN1","FMN1"
"15",33066716,33066716,1,"-","chr15:33066716:C:A","C","A","SNV","-1, 5","ZEB1","HOCOMOCO","ZEB1_do","ZEB1_HUMAN","            tcaccaAcctggg              ",0.75384654393074,0.876577985750582,6.39253860037745,7.4232923220587,1,1.03075372168125,0.121840722440868,"strong","gain_or_strengthening","15",33055780,33074960,19181,"*","crm/CRMHS00011631243","TCGA-A2-A04Q-01A-21W-A050-09","FMN1",33066716,33066716,"C","A","SNP","Down regulated in TNBC","GRCh38","Homo sapiens","Cis-regulatory module located in Homo sapiens chr15 between 33055780 and 33074960","http://www.licpathway.net/sedb/search/search_se.php?se_id=SE_02_080900388","SEdb","BTO_0001248; CLO_0009251; CL_0002327; UBERON_0000310","PMID:30371817","MI_0402; OBI_0001954; ECO_0000226; EFO_0004176; NCIT_C106048",NA,"FMN1","FMN1","FMN1"
"15",33066716,33066716,1,"-","chr15:33066716:C:A","C","A","SNV","-1, 5","ZEB1","HOCOMOCO","ZEB1_do","ZEB1_HUMAN","            tcaccaAcctggg              ",0.75384654393074,0.876577985750582,6.39253860037745,7.4232923220587,1,1.03075372168125,0.121840722440868,"strong","gain_or_strengthening","15",33055832,33070783,14952,"*","crm/CRMHS00011631233","TCGA-A2-A04Q-01A-21W-A050-09","FMN1",33066716,33066716,"C","A","SNP","Down regulated in TNBC","GRCh38","Homo sapiens","Cis-regulatory module located in Homo sapiens chr15 between 33055832 and 33070783","http://www.licpathway.net/sedb/search/search_se.php?se_id=SE_02_108800393","SEdb","BTO_0001248; CLO_0009251; CL_0002327; UBERON_0000310","PMID:30371817","MI_0402; OBI_0001954; ECO_0000226; EFO_0004176; NCIT_C106048",NA,"FMN1","FMN1","FMN1"
"15",33066716,33066716,1,"-","chr15:33066716:C:A","C","A","SNV","-1, 5","ZEB1","HOCOMOCO","ZEB1_do","ZEB1_HUMAN","            tcaccaAcctggg              ",0.75384654393074,0.876577985750582,6.39253860037745,7.4232923220587,1,1.03075372168125,0.121840722440868,"strong","gain_or_strengthening","15",33056168,33070742,14575,"*","crm/CRMHS00011631257","TCGA-A2-A04Q-01A-21W-A050-09","FMN1",33066716,33066716,"C","A","SNP","Down regulated in TNBC","GRCh38","Homo sapiens","Cis-regulatory module located in Homo sapiens chr15 between 33056168 and 33070742","http://www.licpathway.net/sedb/search/search_se.php?se_id=SE_02_109300597","SEdb","BTO_0001248; CLO_0009251; CL_0002327; UBERON_0000310","PMID:30371817","MI_0402; OBI_0001954; ECO_0000226; EFO_0004176; NCIT_C106048",NA,"FMN1","FMN1","FMN1"
"15",33066716,33066716,1,"-","chr15:33066716:C:A","C","A","SNV","-1, 5","ZEB1","HOCOMOCO","ZEB1_do","ZEB1_HUMAN","            tcaccaAcctggg              ",0.75384654393074,0.876577985750582,6.39253860037745,7.4232923220587,1,1.03075372168125,0.121840722440868,"strong","gain_or_strengthening","15",33056249,33075015,18767,"*","crm/CRMHS00011631349","TCGA-A2-A04Q-01A-21W-A050-09","FMN1",33066716,33066716,"C","A","SNP","Down regulated in TNBC","GRCh38","Homo sapiens","Cis-regulatory module located in Homo sapiens chr15 between 33056249 and 33075015","http://www.licpathway.net/sedb/search/search_se.php?se_id=SE_02_109200436","SEdb","BTO_0001248; CLO_0009251; CL_0002327; UBERON_0000310","PMID:30371817","MI_0402; OBI_0001954; ECO_0000226; EFO_0004176; NCIT_C106048",NA,"FMN1","FMN1","FMN1"
"15",33066716,33066716,1,"-","chr15:33066716:C:A","C","A","SNV","-1, 5","ZEB1","HOCOMOCO","ZEB1_do","ZEB1_HUMAN","            tcaccaAcctggg              ",0.75384654393074,0.876577985750582,6.39253860037745,7.4232923220587,1,1.03075372168125,0.121840722440868,"strong","gain_or_strengthening","15",33056339,33074893,18555,"*","crm/CRMHS00011631161","TCGA-A2-A04Q-01A-21W-A050-09","FMN1",33066716,33066716,"C","A","SNP","Down regulated in TNBC","GRCh38","Homo sapiens","Cis-regulatory module located in Homo sapiens chr15 between 33056339 and 33074893","http://www.licpathway.net/sedb/search/search_se.php?se_id=SE_02_123400467","SEdb","BTO_0001248; CLO_0009251; CL_0002327; UBERON_0000310","PMID:30371817","MI_0402; OBI_0001954; ECO_0000226; EFO_0004176; NCIT_C106048",NA,"FMN1","FMN1","FMN1"
"15",33066716,33066716,1,"-","chr15:33066716:C:A","C","A","SNV","-1, 5","ZEB1","HOCOMOCO","ZEB1_do","ZEB1_HUMAN","            tcaccaAcctggg              ",0.75384654393074,0.876577985750582,6.39253860037745,7.4232923220587,1,1.03075372168125,0.121840722440868,"strong","gain_or_strengthening","15",33064149,33132625,68477,"*","crm/CRMHS00011631262","TCGA-A2-A04Q-01A-21W-A050-09","FMN1",33066716,33066716,"C","A","SNP","Down regulated in TNBC","GRCh38","Homo sapiens","Cis-regulatory module located in Homo sapiens chr15 between 33064149 and 33132625","http://www.licpathway.net/sedb/search/search_se.php?se_id=SE_02_048100443","SEdb","BTO_0000815; CLO_0007634; CL_0002327; UBERON_0000310","PMID:30371817","MI_0402; OBI_0001954; ECO_0000226; EFO_0004176; NCIT_C106048",NA,"FMN1","FMN1; RP11-12O16.1","FMN1"
"15",33066716,33066716,1,"-","chr15:33066716:C:A","C","A","SNV","-1, 5","ZEB1","HOCOMOCO","ZEB1_do","ZEB1_HUMAN","            tcaccaAcctggg              ",0.75384654393074,0.876577985750582,6.39253860037745,7.4232923220587,1,1.03075372168125,0.121840722440868,"strong","gain_or_strengthening","15",33064303,33070618,6316,"*","crm/CRMHS00011631376","TCGA-A2-A04Q-01A-21W-A050-09","FMN1",33066716,33066716,"C","A","SNP","Down regulated in TNBC","GRCh38","Homo sapiens","Cis-regulatory module located in Homo sapiens chr15 between 33064303 and 33070618","http://www.licpathway.net/sedb/search/search_se.php?se_id=SE_02_108900304","SEdb","BTO_0001248; CLO_0009251; CL_0002327; UBERON_0000310","PMID:30371817","MI_0402; OBI_0001954; ECO_0000226; EFO_0004176; NCIT_C106048",NA,"FMN1","FMN1","FMN1"
"15",33066716,33066716,1,"-","chr15:33066716:C:A","C","A","SNV","-1, 5","ZEB1","HOCOMOCO","ZEB1_do","ZEB1_HUMAN","            tcaccaAcctggg              ",0.75384654393074,0.876577985750582,6.39253860037745,7.4232923220587,1,1.03075372168125,0.121840722440868,"strong","gain_or_strengthening","15",33064353,33070635,6283,"*","crm/CRMHS00011631218","TCGA-A2-A04Q-01A-21W-A050-09","FMN1",33066716,33066716,"C","A","SNP","Down regulated in TNBC","GRCh38","Homo sapiens","Cis-regulatory module located in Homo sapiens chr15 between 33064353 and 33070635","http://www.licpathway.net/sedb/search/search_se.php?se_id=SE_02_109000427","SEdb","BTO_0001248; CLO_0009251; CL_0002327; UBERON_0000310","PMID:30371817","MI_0402; OBI_0001954; ECO_0000226; EFO_0004176; NCIT_C106048",NA,"FMN1","FMN1","FMN1"
"7",157574355,157574355,1,"+","chr7:157574355:T:G","T","G","SNV","-6, 6","ENO1","HOCOMOCO","ENOA_si","ENOA_HUMAN","      tccaatgatcacGtttgtgactatg        ",0.745904878310688,0.864873256230649,5.70380500899377,6.58788467595633,1,0.884079666962565,0.116448226304911,"strong","gain_or_strengthening","7",157551524,157577007,25484,"*","crm/CRMHS00011528761","TCGA-E2-A14N-01A-31D-A135-09","PTPRN2",157574355,157574355,"T","G","SNP","Down regulated in TNBC","GRCh38","Homo sapiens","Cis-regulatory module located in Homo sapiens chr7 between 157551524 and 157577007","http://www.licpathway.net/sedb/search/search_se.php?se_id=SE_02_099100264","SEdb","BTO_0000815; CLO_0007634; CL_0002327; UBERON_0000310","PMID:30371817","MI_0402; OBI_0001954; ECO_0000226; EFO_0004176; NCIT_C106048",NA,"DNAJB6; PTPRN2","MIR153-2; PTPRN2","PTPRN2"
"15",42010115,42010115,1,"+","chr15:42010115:G:T","G","T","SNV","-3, 8","FUBP1","HOCOMOCO","FUBP1_f1","FUBP1_HUMAN","       cccttcccttgTcttttccagaa         ",0.666204340357861,0.886411490252262,5.22511532335902,6.85345775400271,1,1.62834243064369,0.211654498281688,"strong","gain_or_strengthening","15",42009312,42085095,75784,"*","crm/CRMHS00011559305","TCGA-AQ-A04J-01A-02W-A050-09","PLA2G4E",42010115,42010115,"G","T","SNP","Up regulated in TNBC","GRCh38","Homo sapiens","Cis-regulatory module located in Homo sapiens chr15 between 42009312 and 42085095","http://www.licpathway.net/sedb/search/search_se.php?se_id=SE_02_103501267","SEdb","CL_0002327; UBERON_0000310; BTO_0005963; CLO_0003658","PMID:30371817","MI_0402; OBI_0001954; ECO_0000226; EFO_0004176; NCIT_C106048",NA,"EHD4; PLA2G4D; PLA2G4E","CTD-2382E5.2; PLA2G4D; PLA2G4E","PLA2G4E"
"12",88534709,88534709,1,"-","chr12:88534709:C:T","C","T","SNV","-6, 2","ZNF333","HOCOMOCO","ZN333_f1","ZN333_HUMAN","          agacatgaTggcatttt            ",0.66813746605852,0.874924645612416,5.26003885796992,6.83106217481181,1,1.57102331684189,0.201897369581009,"strong","gain_or_strengthening","12",88469113,88581831,112719,"*","crm/CRMHS00011780307","TCGA-B6-A409-01A-11D-A243-09","KITLG",88534709,88534709,"C","T","SNP","Down regulated in TNBC","GRCh38","Homo sapiens","Cis-regulatory module located in Homo sapiens chr12 between 88469113 and 88581831","http://www.licpathway.net/sedb/search/search_se.php?se_id=SE_02_125300056","SEdb","CL_0002327; UBERON_0000310; BTO_0005022; CLO_0002194","PMID:30371817","MI_0402; OBI_0001954; ECO_0000226; EFO_0004176; NCIT_C106048",NA,"KITLG","KITLG; RNU1-117P; RP11-900F13.3","KITLG"
"8",36888755,36888755,1,"+","chr8:36888755:A:G","A","G","SNV","-10, 8","SOX18","HOCOMOCO","SOX18_f1","SOX18_HUMAN","gcctacaagaagtatatcAaagattacatgaaatcaa  ",0.879094772973937,0.700774095335025,6.78254293102056,5.49000698319573,1,-1.29253594782483,-0.168762391029852,"strong","loss_or_weakening","8",36857867,36899359,41493,"*","crm/CRMHS00011770190","TCGA-BH-A18G-01A-11D-A12B-09","KCNU1",36888755,36888755,"A","G","SNP","Down regulated in TNBC","GRCh38","Homo sapiens","Cis-regulatory module located in Homo sapiens chr8 between 36857867 and 36899359","http://www.licpathway.net/sedb/search/search_se.php?se_id=SE_02_080900548","SEdb","BTO_0001248; CLO_0009251; CL_0002327; UBERON_0000310","PMID:30371817","MI_0402; OBI_0001954; ECO_0000226; EFO_0004176; NCIT_C106048",NA,"KCNU1","KCNU1; TPT1P8","KCNU1"
"8",36888755,36888755,1,"+","chr8:36888755:A:G","A","G","SNV","-10, 8","SOX18","HOCOMOCO","SOX18_f1","SOX18_HUMAN","gcctacaagaagtatatcAaagattacatgaaatcaa  ",0.879094772973937,0.700774095335025,6.78254293102056,5.49000698319573,1,-1.29253594782483,-0.168762391029852,"strong","loss_or_weakening","8",36886882,36889082,2201,"*","crm/CRMHS00007718227","TCGA-BH-A18G-01A-11D-A12B-09","KCNU1",36888755,36888755,"A","G","SNP","Down regulated in TNBC","GRCh38","Homo sapiens","Cis-regulatory module located in Homo sapiens chr8 between 36886882 and 36889082","NA","JEME","CL_0002327; UBERON_0000310; BTO_0004300","PMID:28869592","NCIT_C75940; MI_0402; EFO_0004176; ECO_0000226; OBI_0001954; NCIT_C106048",NA,"KCNU1","KCNU1; TPT1P8","KCNU1"
"12",88534709,88534709,1,"+","chr12:88534709:C:T","C","T","SNV","-4, 4","CREB1","HOCOMOCO","CREB1_f1","CREB1_HUMAN","          agacatgaCggcatttt            ",0.94080161565991,0.821416746634697,8.85240289705531,7.74453151924391,1,-1.1078713778114,-0.117836670847017,"strong","loss_or_weakening","12",88469113,88581831,112719,"*","crm/CRMHS00011780307","TCGA-B6-A409-01A-11D-A243-09","KITLG",88534709,88534709,"C","T","SNP","Down regulated in TNBC","GRCh38","Homo sapiens","Cis-regulatory module located in Homo sapiens chr12 between 88469113 and 88581831","http://www.licpathway.net/sedb/search/search_se.php?se_id=SE_02_125300056","SEdb","CL_0002327; UBERON_0000310; BTO_0005022; CLO_0002194","PMID:30371817","MI_0402; OBI_0001954; ECO_0000226; EFO_0004176; NCIT_C106048",NA,"KITLG","KITLG; RNU1-117P; RP11-900F13.3","KITLG"
"14",100109710,100109710,1,"+","chr14:100109710:A:G","A","G","SNV","-4, 3","IKZF1","HOCOMOCO","IKZF1_f1","IKZF1_HUMAN","           ttaatggGattgtct             ",0.712730671325224,0.950066154638411,5.23778801554253,6.95833460243116,1,1.72054658688863,0.23503686638889,"strong","gain_or_strengthening","14",100010411,100160266,149856,"*","crm/CRMHS00011511944","TCGA-D8-A142-01A-11D-A10Y-09","EVL",100109710,100109710,"A","G","SNP","Down regulated in TNBC","GRCh38","Homo sapiens","Cis-regulatory module located in Homo sapiens chr14 between 100010411 and 100160266","http://www.licpathway.net/sedb/search/search_se.php?se_id=SE_02_024600024","SEdb","BTO_0000093; CLO_0007606; CL_0002327; UBERON_0000310","PMID:30371817","MI_0402; OBI_0001954; ECO_0000226; EFO_0004176; NCIT_C106048",NA,"DEGS2; EVL","CTD-2376I20.1; DEGS2; EVL; MIR151B; MIR342","EVL"
"17",66787104,66787104,1,"+","chr17:66787104:G:C","G","C","SNV","-5, 3","BRCA1","HOCOMOCO","BRCA1_f1","BRCA1_HUMAN","          catcgaggGttggggct            ",0.910017413268862,0.730776214502828,6.11730475234858,4.93699864507539,1,-1.18030610727319,-0.175906704735525,"strong","loss_or_weakening","17",66773964,66859317,85354,"*","crm/CRMHS00011352145","TCGA-AN-A04D-01A-21W-A050-09","PRKCA",66787104,66787104,"G","C","SNP","Up regulated in TNBC","GRCh38","Homo sapiens","Cis-regulatory module located in Homo sapiens chr17 between 66773964 and 66859317","http://www.licpathway.net/sedb/search/search_se.php?se_id=SE_02_000400076","SEdb","BTO_0000093; CLO_0007606; CL_0002327; UBERON_0000310","PMID:30371817","MI_0402; OBI_0001954; ECO_0000226; EFO_0004176; NCIT_C106048",NA,"CACNG5; PRKCA","CACNG5; MIR634; PRKCA","PRKCA"
"14",100109710,100109710,1,"+","chr14:100109710:A:G","A","G","SNV","-3, 6","PITX2","HOCOMOCO","PITX2_si","PITX2_HUMAN","         ggttaatggGattgtctca           ",0.694068864129091,0.915278143581654,5.0340122865104,6.58216568367478,1,1.54815339716438,0.215767520549433,"strong","gain_or_strengthening","14",100010411,100160266,149856,"*","crm/CRMHS00011511944","TCGA-D8-A142-01A-11D-A10Y-09","EVL",100109710,100109710,"A","G","SNP","Down regulated in TNBC","GRCh38","Homo sapiens","Cis-regulatory module located in Homo sapiens chr14 between 100010411 and 100160266","http://www.licpathway.net/sedb/search/search_se.php?se_id=SE_02_024600024","SEdb","BTO_0000093; CLO_0007606; CL_0002327; UBERON_0000310","PMID:30371817","MI_0402; OBI_0001954; ECO_0000226; EFO_0004176; NCIT_C106048",NA,"DEGS2; EVL","CTD-2376I20.1; DEGS2; EVL; MIR151B; MIR342","EVL"
"8",36888755,36888755,1,"-","chr8:36888755:A:G","A","G","SNV","-3, 3","LEF1","HOCOMOCO","LEF1_f1","LEF1_HUMAN","            tatatcAaagatt              ",1,0.802574982293225,9.52342326267608,7.65631451800633,1,-1.86710874466976,-0.196054369649544,"strong","loss_or_weakening","8",36857867,36899359,41493,"*","crm/CRMHS00011770190","TCGA-BH-A18G-01A-11D-A12B-09","KCNU1",36888755,36888755,"A","G","SNP","Down regulated in TNBC","GRCh38","Homo sapiens","Cis-regulatory module located in Homo sapiens chr8 between 36857867 and 36899359","http://www.licpathway.net/sedb/search/search_se.php?se_id=SE_02_080900548","SEdb","BTO_0001248; CLO_0009251; CL_0002327; UBERON_0000310","PMID:30371817","MI_0402; OBI_0001954; ECO_0000226; EFO_0004176; NCIT_C106048",NA,"KCNU1","KCNU1; TPT1P8","KCNU1"
"8",36888755,36888755,1,"-","chr8:36888755:A:G","A","G","SNV","-3, 3","LEF1","HOCOMOCO","LEF1_f1","LEF1_HUMAN","            tatatcAaagatt              ",1,0.802574982293225,9.52342326267608,7.65631451800633,1,-1.86710874466976,-0.196054369649544,"strong","loss_or_weakening","8",36886882,36889082,2201,"*","crm/CRMHS00007718227","TCGA-BH-A18G-01A-11D-A12B-09","KCNU1",36888755,36888755,"A","G","SNP","Down regulated in TNBC","GRCh38","Homo sapiens","Cis-regulatory module located in Homo sapiens chr8 between 36886882 and 36889082","NA","JEME","CL_0002327; UBERON_0000310; BTO_0004300","PMID:28869592","NCIT_C75940; MI_0402; EFO_0004176; ECO_0000226; OBI_0001954; NCIT_C106048",NA,"KCNU1","KCNU1; TPT1P8","KCNU1"
"14",100109710,100109710,1,"+","chr14:100109710:A:G","A","G","SNV","-6, 5","NFATC1","HOCOMOCO","NFAC1_si","NFAC1_HUMAN","       atggttaatggAattgtctcaca         ",0.888849434038715,0.699904162972883,9.47783654844517,7.50407002455541,1,-1.97376652388976,-0.1855228311072,"strong","loss_or_weakening","14",100010411,100160266,149856,"*","crm/CRMHS00011511944","TCGA-D8-A142-01A-11D-A10Y-09","EVL",100109710,100109710,"A","G","SNP","Down regulated in TNBC","GRCh38","Homo sapiens","Cis-regulatory module located in Homo sapiens chr14 between 100010411 and 100160266","http://www.licpathway.net/sedb/search/search_se.php?se_id=SE_02_024600024","SEdb","BTO_0000093; CLO_0007606; CL_0002327; UBERON_0000310","PMID:30371817","MI_0402; OBI_0001954; ECO_0000226; EFO_0004176; NCIT_C106048",NA,"DEGS2; EVL","CTD-2376I20.1; DEGS2; EVL; MIR151B; MIR342","EVL"
