"geneSymbol","strong_predictions","affected_SNPs","gains","losses"
"BRCA1",4,4,1,3
"GATA6",4,4,2,2
"CRX",3,3,1,2
"FOS",3,3,1,2
"HOXD4",3,3,2,1
"MAF",3,3,2,1
"MAFB",3,3,2,1
"NFIA+NFIB+NFIC+NFIX",3,3,2,1
"NR1I2",3,3,2,1
"NR1I3",3,3,2,1
"OTX1",3,3,1,2
"PAX5",3,3,2,1
"SOX10",3,3,1,2
"VDR",3,3,2,1
"ATF3",2,2,0,2
"BATF",2,2,0,2
"GFI1",2,2,1,1
"IKZF1",2,2,1,1
"MAFG",2,2,0,2
"MYBL2",2,2,1,1
"PGR",2,2,1,1
"PITX2",2,2,1,1
"RARG",2,1,0,2
"SOX15",2,2,1,1
"ZEB1",2,2,1,1
"ARNT",1,1,1,0
"ATF1",1,1,0,1
"ATF5",1,1,1,0
"CBFB",1,1,1,0
"CEBPA",1,1,0,1
"CEBPZ",1,1,1,0
"CREB1",1,1,0,1
"CREM",1,1,0,1
"CXXC1",1,1,1,0
"DDIT3",1,1,0,1
"DLX3",1,1,1,0
"E4F1",1,1,1,0
"EGR4",1,1,0,1
"ELF3",1,1,1,0
"ENO1",1,1,1,0
"ETS2",1,1,0,1
"FEV",1,1,0,1
"FLI1",1,1,0,1
"FOSB",1,1,0,1
"FOSL1",1,1,0,1
"FOSL2",1,1,0,1
"FOXF1",1,1,0,1
"FOXI1",1,1,1,0
"FOXO1",1,1,0,1
"FOXO3",1,1,0,1
"FOXP3",1,1,1,0
"FUBP1",1,1,1,0
"HAND1",1,1,1,0
"HIF1A",1,1,1,0
"HMGA1",1,1,1,0
"HOXA5",1,1,1,0
"IRF1",1,1,0,1
"JUN",1,1,0,1
"JUNB",1,1,0,1
"JUND",1,1,0,1
"LEF1",1,1,0,1
"MEF2D",1,1,0,1
"MEIS2",1,1,1,0
"MSX2",1,1,1,0
"MYB",1,1,0,1
"NFAT5",1,1,0,1
"NFATC1",1,1,0,1
"NFYA",1,1,1,0
"NFYB",1,1,1,0
"NFYC",1,1,1,0
"NKX2-1",1,1,0,1
"NKX2-5",1,1,0,1
"NKX3-2",1,1,0,1
"NOBOX",1,1,1,0
"NR0B1",1,1,0,1
"NR2C1",1,1,0,1
"NR3C1",1,1,1,0
"OTX2",1,1,0,1
"PAX2",1,1,0,1
"PAX6",1,1,0,1
"PBX3",1,1,1,0
"PKNOX1",1,1,0,1
"PRRX1",1,1,0,1
"PRRX2",1,1,1,0
"REL",1,1,0,1
"RELA",1,1,0,1
"RUNX1",1,1,1,0
"RUNX2",1,1,0,1
"SMAD3",1,1,1,0
"SMAD4",1,1,1,0
"SMARCC1",1,1,0,1
"SOX18",1,1,0,1
"SOX5",1,1,1,0
"STAT1",1,1,1,0
"STAT5A",1,1,1,0
"STAT5B",1,1,1,0
"STAT6",1,1,1,0
"TCF7",1,1,0,1
"TCF7L2",1,1,0,1
"TFAP2C",1,1,0,1
"TFEB",1,1,0,1
"TLX1",1,1,1,0
"UBP1",1,1,1,0
"ZIC1",1,1,0,1
"ZIC3",1,1,0,1
"ZNF333",1,1,1,0
"ZNF384",1,1,0,1
